E_1,Y_1_star,P_1_star,RR_1_star,E_2,Y_2_star,P_2_star,RR_2_star,E_3,Y_3_star,P_3_star,RR_3_star,E_4,Y_4_star,P_4_star,RR_4_star,cons
0.022024757478985357,-0.007539757933572682,-0.01064926693451912,0.005344628636578572,0.022034264061130848,-0.005921524976134678,-0.010047270177644929,0.007670335879393266,0.03271843757259063,-0.0072495879409861744,-0.008581239062007754,0.007266688306564761,0.004036206380177987,-0.007949389251285887,-0.006897196913144944,0.004139358872421601,1.0
0.011677118375462037,-0.007304438487871837,-0.012842673190477117,-0.00038780010284332565,0.022024757478985357,-0.007539757933572682,-0.01064926693451912,0.005344628636578572,0.022034264061130848,-0.005921524976134678,-0.010047270177644929,0.007670335879393266,0.03271843757259063,-0.0072495879409861744,-0.008581239062007754,0.007266688306564761,1.0
-0.0018612348483646457,-0.00874789631884539,-0.012912621842263916,-0.0026208795273467375,0.011677118375462037,-0.007304438487871837,-0.012842673190477117,-0.00038780010284332565,0.022024757478985357,-0.007539757933572682,-0.01064926693451912,0.005344628636578572,0.022034264061130848,-0.005921524976134678,-0.010047270177644929,0.007670335879393266,1.0
0.0006697011161609367,-0.007023933921551791,-0.013985198348327234,-0.007133318171887718,-0.0018612348483646457,-0.00874789631884539,-0.012912621842263916,-0.0026208795273467375,0.011677118375462037,-0.007304438487871837,-0.012842673190477117,-0.00038780010284332565,0.022024757478985357,-0.007539757933572682,-0.01064926693451912,0.005344628636578572,1.0
-0.004103051718417738,-0.00848236618124078,-0.0127721360445698,-0.009732223429162603,0.0006697011161609367,-0.007023933921551791,-0.013985198348327234,-0.007133318171887718,-0.0018612348483646457,-0.00874789631884539,-0.012912621842263916,-0.0026208795273467375,0.011677118375462037,-0.007304438487871837,-0.012842673190477117,-0.00038780010284332565,1.0
-0.022251584213734965,-0.0048648531742290484,-0.01234895735292037,-0.006577468283279569,-0.004103051718417738,-0.00848236618124078,-0.0127721360445698,-0.009732223429162603,0.0006697011161609367,-0.007023933921551791,-0.013985198348327234,-0.007133318171887718,-0.0018612348483646457,-0.00874789631884539,-0.012912621842263916,-0.0026208795273467375,1.0
-0.023504123363121465,0.0014926878379970382,-0.013712494095018301,-0.006119587288121452,-0.022251584213734965,-0.0048648531742290484,-0.01234895735292037,-0.006577468283279569,-0.004103051718417738,-0.00848236618124078,-0.0127721360445698,-0.009732223429162603,0.0006697011161609367,-0.007023933921551791,-0.013985198348327234,-0.007133318171887718,1.0
-0.03929098470951686,0.0015276821692342482,-0.010310356332726563,-0.0003483246281328838,-0.023504123363121465,0.0014926878379970382,-0.013712494095018301,-0.006119587288121452,-0.022251584213734965,-0.0048648531742290484,-0.01234895735292037,-0.006577468283279569,-0.004103051718417738,-0.00848236618124078,-0.0127721360445698,-0.009732223429162603,1.0
-0.025954671417103725,0.006143333281123292,-0.008874899957729651,0.004379753151108398,-0.03929098470951686,0.0015276821692342482,-0.010310356332726563,-0.0003483246281328838,-0.023504123363121465,0.0014926878379970382,-0.013712494095018301,-0.006119587288121452,-0.022251584213734965,-0.0048648531742290484,-0.01234895735292037,-0.006577468283279569,1.0
-0.02495608676944361,0.005480375224187162,-0.011166018387496073,0.002580370163765445,-0.025954671417103725,0.006143333281123292,-0.008874899957729651,0.004379753151108398,-0.03929098470951686,0.0015276821692342482,-0.010310356332726563,-0.0003483246281328838,-0.023504123363121465,0.0014926878379970382,-0.013712494095018301,-0.006119587288121452,1.0
-0.021213497024857197,0.005459661207054359,-0.01125325091848567,0.0020899180399582573,-0.02495608676944361,0.005480375224187162,-0.011166018387496073,0.002580370163765445,-0.025954671417103725,0.006143333281123292,-0.008874899957729651,0.004379753151108398,-0.03929098470951686,0.0015276821692342482,-0.010310356332726563,-0.0003483246281328838,1.0
-0.005073639773613081,0.0031243021508403452,-0.014253388459053582,0.0029824286969398284,-0.021213497024857197,0.005459661207054359,-0.01125325091848567,0.0020899180399582573,-0.02495608676944361,0.005480375224187162,-0.011166018387496073,0.002580370163765445,-0.025954671417103725,0.006143333281123292,-0.008874899957729651,0.004379753151108398,1.0
0.016038803484758724,0.0021980400167803432,-0.015432309964048917,-0.001409542983550156,-0.005073639773613081,0.0031243021508403452,-0.014253388459053582,0.0029824286969398284,-0.021213497024857197,0.005459661207054359,-0.01125325091848567,0.0020899180399582573,-0.02495608676944361,0.005480375224187162,-0.011166018387496073,0.002580370163765445,1.0
0.004393793819706282,0.004684203191934699,-0.016558180995024235,-0.009204564088619784,0.016038803484758724,0.0021980400167803432,-0.015432309964048917,-0.001409542983550156,-0.005073639773613081,0.0031243021508403452,-0.014253388459053582,0.0029824286969398284,-0.021213497024857197,0.005459661207054359,-0.01125325091848567,0.0020899180399582573,1.0
-0.007276627125408552,0.0031998831012212746,-0.014577481087274217,-0.012341319642424364,0.004393793819706282,0.004684203191934699,-0.016558180995024235,-0.009204564088619784,0.016038803484758724,0.0021980400167803432,-0.015432309964048917,-0.001409542983550156,-0.005073639773613081,0.0031243021508403452,-0.014253388459053582,0.0029824286969398284,1.0
-0.010561897992906744,0.008673247050892941,-0.013296117971052868,-0.014242005712235797,-0.007276627125408552,0.0031998831012212746,-0.014577481087274217,-0.012341319642424364,0.004393793819706282,0.004684203191934699,-0.016558180995024235,-0.009204564088619784,0.016038803484758724,0.0021980400167803432,-0.015432309964048917,-0.001409542983550156,1.0
-0.013627035684932842,0.015376363487664784,-0.010474725719188739,-0.00937575872832407,-0.010561897992906744,0.008673247050892941,-0.013296117971052868,-0.014242005712235797,-0.007276627125408552,0.0031998831012212746,-0.014577481087274217,-0.012341319642424364,0.004393793819706282,0.004684203191934699,-0.016558180995024235,-0.009204564088619784,1.0
-0.031109255522702384,0.019675863373615706,-0.006639168253386188,-0.007917013805762011,-0.013627035684932842,0.015376363487664784,-0.010474725719188739,-0.00937575872832407,-0.010561897992906744,0.008673247050892941,-0.013296117971052868,-0.014242005712235797,-0.007276627125408552,0.0031998831012212746,-0.014577481087274217,-0.012341319642424364,1.0
-0.0397844975511239,0.022992716021789542,-0.006542824653772784,-0.008384745147585512,-0.031109255522702384,0.019675863373615706,-0.006639168253386188,-0.007917013805762011,-0.013627035684932842,0.015376363487664784,-0.010474725719188739,-0.00937575872832407,-0.010561897992906744,0.008673247050892941,-0.013296117971052868,-0.014242005712235797,1.0
-0.047333580715345214,0.022189311629114437,-0.0039809163624318095,-0.00011576273083805681,-0.0397844975511239,0.022992716021789542,-0.006542824653772784,-0.008384745147585512,-0.031109255522702384,0.019675863373615706,-0.006639168253386188,-0.007917013805762011,-0.013627035684932842,0.015376363487664784,-0.010474725719188739,-0.00937575872832407,1.0
-0.05304358510586038,0.01850539212526101,-0.0033792810729918127,0.00671147122714375,-0.047333580715345214,0.022189311629114437,-0.0039809163624318095,-0.00011576273083805681,-0.0397844975511239,0.022992716021789542,-0.006542824653772784,-0.008384745147585512,-0.031109255522702384,0.019675863373615706,-0.006639168253386188,-0.007917013805762011,1.0
-0.029989133175467586,0.019467828457115893,-0.002564413705922708,0.003935409418055501,-0.05304358510586038,0.01850539212526101,-0.0033792810729918127,0.00671147122714375,-0.047333580715345214,0.022189311629114437,-0.0039809163624318095,-0.00011576273083805681,-0.0397844975511239,0.022992716021789542,-0.006542824653772784,-0.008384745147585512,1.0
-0.04149980784561791,0.014730672988397713,0.004772290509235829,0.006644892508857955,-0.029989133175467586,0.019467828457115893,-0.002564413705922708,0.003935409418055501,-0.05304358510586038,0.01850539212526101,-0.0033792810729918127,0.00671147122714375,-0.047333580715345214,0.022189311629114437,-0.0039809163624318095,-0.00011576273083805681,1.0
-0.032694565054493196,0.010303611682924131,0.0019523072462855318,0.0035499750836938456,-0.04149980784561791,0.014730672988397713,0.004772290509235829,0.006644892508857955,-0.029989133175467586,0.019467828457115893,-0.002564413705922708,0.003935409418055501,-0.05304358510586038,0.01850539212526101,-0.0033792810729918127,0.00671147122714375,1.0
-0.029533668914248246,0.008033332643681206,-0.001337193369700603,-0.007184779940251627,-0.032694565054493196,0.010303611682924131,0.0019523072462855318,0.0035499750836938456,-0.04149980784561791,0.014730672988397713,0.004772290509235829,0.006644892508857955,-0.029989133175467586,0.019467828457115893,-0.002564413705922708,0.003935409418055501,1.0
-0.032259277125469055,0.0031313967041777793,-0.0006276888022277811,-0.011854513060603014,-0.029533668914248246,0.008033332643681206,-0.001337193369700603,-0.007184779940251627,-0.032694565054493196,0.010303611682924131,0.0019523072462855318,0.0035499750836938456,-0.04149980784561791,0.014730672988397713,0.004772290509235829,0.006644892508857955,1.0
-0.02151258228114017,0.006792602858543518,-0.005974699789195091,-0.0018026263902349193,-0.032259277125469055,0.0031313967041777793,-0.0006276888022277811,-0.011854513060603014,-0.029533668914248246,0.008033332643681206,-0.001337193369700603,-0.007184779940251627,-0.032694565054493196,0.010303611682924131,0.0019523072462855318,0.0035499750836938456,1.0
-0.007901966659173532,0.003940762338343851,-0.00535985557435426,-0.0008612846187310725,-0.02151258228114017,0.006792602858543518,-0.005974699789195091,-0.0018026263902349193,-0.032259277125469055,0.0031313967041777793,-0.0006276888022277811,-0.011854513060603014,-0.029533668914248246,0.008033332643681206,-0.001337193369700603,-0.007184779940251627,1.0
-0.005651924363703209,0.0017752796970945065,-0.002049825257943863,-0.000509578057281353,-0.007901966659173532,0.003940762338343851,-0.00535985557435426,-0.0008612846187310725,-0.02151258228114017,0.006792602858543518,-0.005974699789195091,-0.0018026263902349193,-0.032259277125469055,0.0031313967041777793,-0.0006276888022277811,-0.011854513060603014,1.0
0.012017319379266311,-0.0031364012643551506,0.0024680649384383876,0.002807199888557965,-0.005651924363703209,0.0017752796970945065,-0.002049825257943863,-0.000509578057281353,-0.007901966659173532,0.003940762338343851,-0.00535985557435426,-0.0008612846187310725,-0.02151258228114017,0.006792602858543518,-0.005974699789195091,-0.0018026263902349193,1.0
0.029512505619134544,-0.006828913649619919,-0.0038909709992295395,-0.0072856454869868435,0.012017319379266311,-0.0031364012643551506,0.0024680649384383876,0.002807199888557965,-0.005651924363703209,0.0017752796970945065,-0.002049825257943863,-0.000509578057281353,-0.007901966659173532,0.003940762338343851,-0.00535985557435426,-0.0008612846187310725,1.0
0.022683715310066965,-0.001965452029586407,-0.004575138650877711,-0.01096980623186351,0.029512505619134544,-0.006828913649619919,-0.0038909709992295395,-0.0072856454869868435,0.012017319379266311,-0.0031364012643551506,0.0024680649384383876,0.002807199888557965,-0.005651924363703209,0.0017752796970945065,-0.002049825257943863,-0.000509578057281353,1.0
0.025047528815313136,-5.0872252904006355e-05,-0.006179432704095843,-0.011455595460897918,0.022683715310066965,-0.001965452029586407,-0.004575138650877711,-0.01096980623186351,0.029512505619134544,-0.006828913649619919,-0.0038909709992295395,-0.0072856454869868435,0.012017319379266311,-0.0031364012643551506,0.0024680649384383876,0.002807199888557965,1.0
0.032419070055913934,0.005616810918506956,-0.011855355824398062,-0.010375450264449146,0.025047528815313136,-5.0872252904006355e-05,-0.006179432704095843,-0.011455595460897918,0.022683715310066965,-0.001965452029586407,-0.004575138650877711,-0.01096980623186351,0.029512505619134544,-0.006828913649619919,-0.0038909709992295395,-0.0072856454869868435,1.0
0.023946708847018883,0.005699251201336155,-0.0052053866536088105,-0.01008164357849695,0.032419070055913934,0.005616810918506956,-0.011855355824398062,-0.010375450264449146,0.025047528815313136,-5.0872252904006355e-05,-0.006179432704095843,-0.011455595460897918,0.022683715310066965,-0.001965452029586407,-0.004575138650877711,-0.01096980623186351,1.0
0.02025549437906271,0.0036727582869277376,-0.0038137278521254226,-0.012049961458049981,0.023946708847018883,0.005699251201336155,-0.0052053866536088105,-0.01008164357849695,0.032419070055913934,0.005616810918506956,-0.011855355824398062,-0.010375450264449146,0.025047528815313136,-5.0872252904006355e-05,-0.006179432704095843,-0.011455595460897918,1.0
0.02458019697188263,0.004347827004583094,-0.001753030179349845,-0.01057570941352669,0.02025549437906271,0.0036727582869277376,-0.0038137278521254226,-0.012049961458049981,0.023946708847018883,0.005699251201336155,-0.0052053866536088105,-0.01008164357849695,0.032419070055913934,0.005616810918506956,-0.011855355824398062,-0.010375450264449146,1.0
0.020117616228609414,0.005384987397205567,-0.0031565591838675316,-0.00990314439344102,0.02458019697188263,0.004347827004583094,-0.001753030179349845,-0.01057570941352669,0.02025549437906271,0.0036727582869277376,-0.0038137278521254226,-0.012049961458049981,0.023946708847018883,0.005699251201336155,-0.0052053866536088105,-0.01008164357849695,1.0
0.018603964367607695,0.0067921216520525785,-0.0029634258188001527,-0.012113927979506929,0.020117616228609414,0.005384987397205567,-0.0031565591838675316,-0.00990314439344102,0.02458019697188263,0.004347827004583094,-0.001753030179349845,-0.01057570941352669,0.02025549437906271,0.0036727582869277376,-0.0038137278521254226,-0.012049961458049981,1.0
0.00955387832518717,0.011056810907906146,0.0005149018060029327,-0.009777865233730348,0.018603964367607695,0.0067921216520525785,-0.0029634258188001527,-0.012113927979506929,0.020117616228609414,0.005384987397205567,-0.0031565591838675316,-0.00990314439344102,0.02458019697188263,0.004347827004583094,-0.001753030179349845,-0.01057570941352669,1.0
0.004289215856728923,0.01328221354625747,0.0008355771402379162,-0.004658014425498698,0.00955387832518717,0.011056810907906146,0.0005149018060029327,-0.009777865233730348,0.018603964367607695,0.0067921216520525785,-0.0029634258188001527,-0.012113927979506929,0.020117616228609414,0.005384987397205567,-0.0031565591838675316,-0.00990314439344102,1.0
0.002463077752739018,0.019028802863241653,0.0016852435757698937,-0.0026947731986219072,0.004289215856728923,0.01328221354625747,0.0008355771402379162,-0.004658014425498698,0.00955387832518717,0.011056810907906146,0.0005149018060029327,-0.009777865233730348,0.018603964367607695,0.0067921216520525785,-0.0029634258188001527,-0.012113927979506929,1.0
0.011940722661686998,0.02346384194517068,0.005539360842878957,0.000987456170288415,0.002463077752739018,0.019028802863241653,0.0016852435757698937,-0.0026947731986219072,0.004289215856728923,0.01328221354625747,0.0008355771402379162,-0.004658014425498698,0.00955387832518717,0.011056810907906146,0.0005149018060029327,-0.009777865233730348,1.0
0.0121160305970065,0.02591680590483122,0.004568318036121119,0.005277069824968414,0.011940722661686998,0.02346384194517068,0.005539360842878957,0.000987456170288415,0.002463077752739018,0.019028802863241653,0.0016852435757698937,-0.0026947731986219072,0.004289215856728923,0.01328221354625747,0.0008355771402379162,-0.004658014425498698,1.0
0.008475592727173797,0.03146939199503086,0.002186206853203264,-0.0004441518403182475,0.0121160305970065,0.02591680590483122,0.004568318036121119,0.005277069824968414,0.011940722661686998,0.02346384194517068,0.005539360842878957,0.000987456170288415,0.002463077752739018,0.019028802863241653,0.0016852435757698937,-0.0026947731986219072,1.0
0.009632951353619745,0.03523612488000138,0.0031551385432151153,-0.001731521515738263,0.008475592727173797,0.03146939199503086,0.002186206853203264,-0.0004441518403182475,0.0121160305970065,0.02591680590483122,0.004568318036121119,0.005277069824968414,0.011940722661686998,0.02346384194517068,0.005539360842878957,0.000987456170288415,1.0
0.011778388353366864,0.03748042770563331,0.0029928746919963205,-0.0019568550413362343,0.009632951353619745,0.03523612488000138,0.0031551385432151153,-0.001731521515738263,0.008475592727173797,0.03146939199503086,0.002186206853203264,-0.0004441518403182475,0.0121160305970065,0.02591680590483122,0.004568318036121119,0.005277069824968414,1.0
0.004253454480759089,0.03931649330400874,0.0024510036886077015,-0.0038957342439302754,0.011778388353366864,0.03748042770563331,0.0029928746919963205,-0.0019568550413362343,0.009632951353619745,0.03523612488000138,0.0031551385432151153,-0.001731521515738263,0.008475592727173797,0.03146939199503086,0.002186206853203264,-0.0004441518403182475,1.0
0.008915431254899353,0.04355607705725829,0.01204559897857566,0.015146171240692057,0.004253454480759089,0.03931649330400874,0.0024510036886077015,-0.0038957342439302754,0.011778388353366864,0.03748042770563331,0.0029928746919963205,-0.0019568550413362343,0.009632951353619745,0.03523612488000138,0.0031551385432151153,-0.001731521515738263,1.0
0.019458220379250157,0.039031239345378534,0.017174926531833595,0.025495777531337704,0.008915431254899353,0.04355607705725829,0.01204559897857566,0.015146171240692057,0.004253454480759089,0.03931649330400874,0.0024510036886077015,-0.0038957342439302754,0.011778388353366864,0.03748042770563331,0.0029928746919963205,-0.0019568550413362343,1.0
0.023386415570069374,0.03390592051419654,0.02118409037780556,0.036577886765507835,0.019458220379250157,0.039031239345378534,0.017174926531833595,0.025495777531337704,0.008915431254899353,0.04355607705725829,0.01204559897857566,0.015146171240692057,0.004253454480759089,0.03931649330400874,0.0024510036886077015,-0.0038957342439302754,1.0
0.013563766706952585,0.02453094948152617,0.028128637715587223,0.0465197758106699,0.023386415570069374,0.03390592051419654,0.02118409037780556,0.036577886765507835,0.019458220379250157,0.039031239345378534,0.017174926531833595,0.025495777531337704,0.008915431254899353,0.04355607705725829,0.01204559897857566,0.015146171240692057,1.0
0.026056142192635967,0.0010880570783412082,0.012758826169512868,0.02968990287338016,0.013563766706952585,0.02453094948152617,0.028128637715587223,0.0465197758106699,0.023386415570069374,0.03390592051419654,0.02118409037780556,0.036577886765507835,0.019458220379250157,0.039031239345378534,0.017174926531833595,0.025495777531337704,1.0
0.05192443774139743,-0.027012231903291172,0.0006876772590606322,-0.0008555934279639347,0.026056142192635967,0.0010880570783412082,0.012758826169512868,0.02968990287338016,0.013563766706952585,0.02453094948152617,0.028128637715587223,0.0465197758106699,0.023386415570069374,0.03390592051419654,0.02118409037780556,0.036577886765507835,1.0
0.05520400216782573,-0.03086279607155715,-0.007549463316613615,-0.008334317631380886,0.05192443774139743,-0.027012231903291172,0.0006876772590606322,-0.0008555934279639347,0.026056142192635967,0.0010880570783412082,0.012758826169512868,0.02968990287338016,0.013563766706952585,0.02453094948152617,0.028128637715587223,0.0465197758106699,1.0
0.05239710388703944,-0.031784389950169585,-0.013983858995161547,-0.0114816858802704,0.05520400216782573,-0.03086279607155715,-0.007549463316613615,-0.008334317631380886,0.05192443774139743,-0.027012231903291172,0.0006876772590606322,-0.0008555934279639347,0.026056142192635967,0.0010880570783412082,0.012758826169512868,0.02968990287338016,1.0
0.051101285042603806,-0.030100251062065604,-0.006037450498174727,-0.015758662882205423,0.05239710388703944,-0.031784389950169585,-0.013983858995161547,-0.0114816858802704,0.05520400216782573,-0.03086279607155715,-0.007549463316613615,-0.008334317631380886,0.05192443774139743,-0.027012231903291172,0.0006876772590606322,-0.0008555934279639347,1.0
0.032819444536700715,-0.023464989839218204,0.003936765138115911,-0.0194779675067473,0.051101285042603806,-0.030100251062065604,-0.006037450498174727,-0.015758662882205423,0.05239710388703944,-0.031784389950169585,-0.013983858995161547,-0.0114816858802704,0.05520400216782573,-0.03086279607155715,-0.007549463316613615,-0.008334317631380886,1.0
0.011577727371477664,-0.015587018252467841,0.004963688187120009,-0.021914314442682468,0.032819444536700715,-0.023464989839218204,0.003936765138115911,-0.0194779675067473,0.051101285042603806,-0.030100251062065604,-0.006037450498174727,-0.015758662882205423,0.05239710388703944,-0.031784389950169585,-0.013983858995161547,-0.0114816858802704,1.0
0.007890283009570176,-0.01499123210116853,0.003562360821295488,-0.021393828137449562,0.011577727371477664,-0.015587018252467841,0.004963688187120009,-0.021914314442682468,0.032819444536700715,-0.023464989839218204,0.003936765138115911,-0.0194779675067473,0.051101285042603806,-0.030100251062065604,-0.006037450498174727,-0.015758662882205423,1.0
0.007503705740305122,-0.009002523555913144,0.007375157278538163,-0.016748288385526423,0.007890283009570176,-0.01499123210116853,0.003562360821295488,-0.021393828137449562,0.011577727371477664,-0.015587018252467841,0.004963688187120009,-0.021914314442682468,0.032819444536700715,-0.023464989839218204,0.003936765138115911,-0.0194779675067473,1.0
0.0006599767042310134,-0.007699831291109014,0.011047414508373639,-0.010764696190677154,0.007503705740305122,-0.009002523555913144,0.007375157278538163,-0.016748288385526423,0.007890283009570176,-0.01499123210116853,0.003562360821295488,-0.021393828137449562,0.011577727371477664,-0.015587018252467841,0.004963688187120009,-0.021914314442682468,1.0
0.012401581257908134,-0.009472126903334238,0.0148575540913242,-0.0037293157514761946,0.0006599767042310134,-0.007699831291109014,0.011047414508373639,-0.010764696190677154,0.007503705740305122,-0.009002523555913144,0.007375157278538163,-0.016748288385526423,0.007890283009570176,-0.01499123210116853,0.003562360821295488,-0.021393828137449562,1.0
0.008753551936301562,-0.005480224597399608,0.016624225229631993,-0.001370320873374247,0.012401581257908134,-0.009472126903334238,0.0148575540913242,-0.0037293157514761946,0.0006599767042310134,-0.007699831291109014,0.011047414508373639,-0.010764696190677154,0.007503705740305122,-0.009002523555913144,0.007375157278538163,-0.016748288385526423,1.0
0.0045829295025408,-0.010314491249503741,0.014051070010627175,-0.0007561736021984789,0.008753551936301562,-0.005480224597399608,0.016624225229631993,-0.001370320873374247,0.012401581257908134,-0.009472126903334238,0.0148575540913242,-0.0037293157514761946,0.0006599767042310134,-0.007699831291109014,0.011047414508373639,-0.010764696190677154,1.0
-0.005521928562055578,-0.008792444420218657,0.010452354218872367,9.05727910949977e-05,0.0045829295025408,-0.010314491249503741,0.014051070010627175,-0.0007561736021984789,0.008753551936301562,-0.005480224597399608,0.016624225229631993,-0.001370320873374247,0.012401581257908134,-0.009472126903334238,0.0148575540913242,-0.0037293157514761946,1.0
-0.006891416593615141,-0.011838250941596531,0.006565047635994858,-0.0006107887327024325,-0.005521928562055578,-0.008792444420218657,0.010452354218872367,9.05727910949977e-05,0.0045829295025408,-0.010314491249503741,0.014051070010627175,-0.0007561736021984789,0.008753551936301562,-0.005480224597399608,0.016624225229631993,-0.001370320873374247,1.0
-0.023446456054696974,-0.01526427022839576,0.005245866405598374,-0.004528849395678051,-0.006891416593615141,-0.011838250941596531,0.006565047635994858,-0.0006107887327024325,-0.005521928562055578,-0.008792444420218657,0.010452354218872367,9.05727910949977e-05,0.0045829295025408,-0.010314491249503741,0.014051070010627175,-0.0007561736021984789,1.0
-0.021706008502692775,-0.020150373823257944,0.005000602277566597,-0.001967333934011001,-0.023446456054696974,-0.01526427022839576,0.005245866405598374,-0.004528849395678051,-0.006891416593615141,-0.011838250941596531,0.006565047635994858,-0.0006107887327024325,-0.005521928562055578,-0.008792444420218657,0.010452354218872367,9.05727910949977e-05,1.0
-0.019027550874084476,-0.020131990297076602,0.002632917939180252,-1.584158089691666e-05,-0.021706008502692775,-0.020150373823257944,0.005000602277566597,-0.001967333934011001,-0.023446456054696974,-0.01526427022839576,0.005245866405598374,-0.004528849395678051,-0.006891416593615141,-0.011838250941596531,0.006565047635994858,-0.0006107887327024325,1.0
-0.016094677112717726,-0.017772730324794945,0.001481053208073162,-0.0003995220279752915,-0.019027550874084476,-0.020131990297076602,0.002632917939180252,-1.584158089691666e-05,-0.021706008502692775,-0.020150373823257944,0.005000602277566597,-0.001967333934011001,-0.023446456054696974,-0.01526427022839576,0.005245866405598374,-0.004528849395678051,1.0
-0.010427966899075436,-0.015109364461173109,0.003968668453309672,0.0018389006319253771,-0.016094677112717726,-0.017772730324794945,0.001481053208073162,-0.0003995220279752915,-0.019027550874084476,-0.020131990297076602,0.002632917939180252,-1.584158089691666e-05,-0.021706008502692775,-0.020150373823257944,0.005000602277566597,-0.001967333934011001,1.0
-0.0010295302688829722,-0.014601790774946668,0.0008605947479839253,0.004617561365631939,-0.010427966899075436,-0.015109364461173109,0.003968668453309672,0.0018389006319253771,-0.016094677112717726,-0.017772730324794945,0.001481053208073162,-0.0003995220279752915,-0.019027550874084476,-0.020131990297076602,0.002632917939180252,-1.584158089691666e-05,1.0
0.003979536818703444,-0.012564731473137669,-0.0010628399967821587,0.009890363695461117,-0.0010295302688829722,-0.014601790774946668,0.0008605947479839253,0.004617561365631939,-0.010427966899075436,-0.015109364461173109,0.003968668453309672,0.0018389006319253771,-0.016094677112717726,-0.017772730324794945,0.001481053208073162,-0.0003995220279752915,1.0
0.003558647791724212,-0.010933028540921904,0.0005963056032377161,0.007624656045199627,0.003979536818703444,-0.012564731473137669,-0.0010628399967821587,0.009890363695461117,-0.0010295302688829722,-0.014601790774946668,0.0008605947479839253,0.004617561365631939,-0.010427966899075436,-0.015109364461173109,0.003968668453309672,0.0018389006319253771,1.0
-0.0037219235347052404,-0.008210302013942395,-0.001154743427287169,0.007057321023479518,0.003558647791724212,-0.010933028540921904,0.0005963056032377161,0.007624656045199627,0.003979536818703444,-0.012564731473137669,-0.0010628399967821587,0.009890363695461117,-0.0010295302688829722,-0.014601790774946668,0.0008605947479839253,0.004617561365631939,1.0
-0.0011396122576732282,-0.006042090505955869,-0.004212394141458141,0.006222500004733017,-0.0037219235347052404,-0.008210302013942395,-0.001154743427287169,0.007057321023479518,0.003558647791724212,-0.010933028540921904,0.0005963056032377161,0.007624656045199627,0.003979536818703444,-0.012564731473137669,-0.0010628399967821587,0.009890363695461117,1.0
-0.014807739159232725,-0.0014799008492734091,-0.008604948515586398,0.0038723611039855597,-0.0011396122576732282,-0.006042090505955869,-0.004212394141458141,0.006222500004733017,-0.0037219235347052404,-0.008210302013942395,-0.001154743427287169,0.007057321023479518,0.003558647791724212,-0.010933028540921904,0.0005963056032377161,0.007624656045199627,1.0
-0.03228885790441094,0.0008351314269310724,-0.007115851516954984,0.0037354719300219815,-0.014807739159232725,-0.0014799008492734091,-0.008604948515586398,0.0038723611039855597,-0.0011396122576732282,-0.006042090505955869,-0.004212394141458141,0.006222500004733017,-0.0037219235347052404,-0.008210302013942395,-0.001154743427287169,0.007057321023479518,1.0
-0.01619738977394558,0.0036148902673478664,-0.007948515001161253,0.0014116384692176812,-0.03228885790441094,0.0008351314269310724,-0.007115851516954984,0.0037354719300219815,-0.014807739159232725,-0.0014799008492734091,-0.008604948515586398,0.0038723611039855597,-0.0011396122576732282,-0.006042090505955869,-0.004212394141458141,0.006222500004733017,1.0
-0.01666141035348012,0.0030338996461846124,-0.006814185792363357,-0.0011995215892446533,-0.01619738977394558,0.0036148902673478664,-0.007948515001161253,0.0014116384692176812,-0.03228885790441094,0.0008351314269310724,-0.007115851516954984,0.0037354719300219815,-0.014807739159232725,-0.0014799008492734091,-0.008604948515586398,0.0038723611039855597,1.0
-0.004286614951121592,0.002209028210215192,-0.005016056170452845,-0.00497511028823931,-0.01666141035348012,0.0030338996461846124,-0.006814185792363357,-0.0011995215892446533,-0.01619738977394558,0.0036148902673478664,-0.007948515001161253,0.0014116384692176812,-0.03228885790441094,0.0008351314269310724,-0.007115851516954984,0.0037354719300219815,1.0
-0.0038754701781673617,0.0008702630995384779,-0.00532764245357454,-0.003124495768967437,-0.004286614951121592,0.002209028210215192,-0.005016056170452845,-0.00497511028823931,-0.01666141035348012,0.0030338996461846124,-0.006814185792363357,-0.0011995215892446533,-0.01619738977394558,0.0036148902673478664,-0.007948515001161253,0.0014116384692176812,1.0
-0.006088433878338684,-0.00046063001931062153,-0.0034666764604153965,-0.002702042426272775,-0.0038754701781673617,0.0008702630995384779,-0.00532764245357454,-0.003124495768967437,-0.004286614951121592,0.002209028210215192,-0.005016056170452845,-0.00497511028823931,-0.01666141035348012,0.0030338996461846124,-0.006814185792363357,-0.0011995215892446533,1.0
-0.008805251761716093,0.0035242939462930595,-0.0005019673032835618,-0.0012575087787512133,-0.006088433878338684,-0.00046063001931062153,-0.0034666764604153965,-0.002702042426272775,-0.0038754701781673617,0.0008702630995384779,-0.00532764245357454,-0.003124495768967437,-0.004286614951121592,0.002209028210215192,-0.005016056170452845,-0.00497511028823931,1.0
-0.01498744229143778,0.0048075419026241285,0.003550849876653275,-0.00011796786336501618,-0.008805251761716093,0.0035242939462930595,-0.0005019673032835618,-0.0012575087787512133,-0.006088433878338684,-0.00046063001931062153,-0.0034666764604153965,-0.002702042426272775,-0.0038754701781673617,0.0008702630995384779,-0.00532764245357454,-0.003124495768967437,1.0
-0.010689204862933899,0.008192435709833376,0.0016782920243738582,-0.0019965398457280213,-0.01498744229143778,0.0048075419026241285,0.003550849876653275,-0.00011796786336501618,-0.008805251761716093,0.0035242939462930595,-0.0005019673032835618,-0.0012575087787512133,-0.006088433878338684,-0.00046063001931062153,-0.0034666764604153965,-0.002702042426272775,1.0
0.0016392896100700938,0.010484708024962099,0.0017081846029681526,-0.003757805994143504,-0.010689204862933899,0.008192435709833376,0.0016782920243738582,-0.0019965398457280213,-0.01498744229143778,0.0048075419026241285,0.003550849876653275,-0.00011796786336501618,-0.008805251761716093,0.0035242939462930595,-0.0005019673032835618,-0.0012575087787512133,1.0
0.0008632372038821501,0.010334555807828627,0.0009463546616491973,-0.00145645917407394,0.0016392896100700938,0.010484708024962099,0.0017081846029681526,-0.003757805994143504,-0.010689204862933899,0.008192435709833376,0.0016782920243738582,-0.0019965398457280213,-0.01498744229143778,0.0048075419026241285,0.003550849876653275,-0.00011796786336501618,1.0
0.000458899773784438,0.00816980199364607,0.0006769965170314369,0.0041421790001853085,0.0008632372038821501,0.010334555807828627,0.0009463546616491973,-0.00145645917407394,0.0016392896100700938,0.010484708024962099,0.0017081846029681526,-0.003757805994143504,-0.010689204862933899,0.008192435709833376,0.0016782920243738582,-0.0019965398457280213,1.0
0.004105711615793872,0.00892052620221731,0.0029000669923364736,0.005245672867959294,0.000458899773784438,0.00816980199364607,0.0006769965170314369,0.0041421790001853085,0.0008632372038821501,0.010334555807828627,0.0009463546616491973,-0.00145645917407394,0.0016392896100700938,0.010484708024962099,0.0017081846029681526,-0.003757805994143504,1.0
0.007935860102775472,0.0027577209693940095,0.005932758383665867,0.00968962953909153,0.004105711615793872,0.00892052620221731,0.0029000669923364736,0.005245672867959294,0.000458899773784438,0.00816980199364607,0.0006769965170314369,0.0041421790001853085,0.0008632372038821501,0.010334555807828627,0.0009463546616491973,-0.00145645917407394,1.0
