EX_1,Y_1_star,P_1_star,RR_1_star,EX_2,Y_2_star,P_2_star,RR_2_star,EX_3,Y_3_star,P_3_star,RR_3_star,EX_4,Y_4_star,P_4_star,RR_4_star,cons
0.05838836858631957,-0.004434245388864408,0.018542579319530406,0.012515004671138455,0.041387731331811395,0.0027829056310730294,0.013692796107492208,0.005464314920319153,0.10673036759163601,0.011892659519361722,0.009301441643013041,0.003997714608251475,0.06126065465244501,0.013726431345870833,0.007008917585506415,0.005315212406014368,1.0
-0.06802911272674805,-0.012264592705593769,0.01662654071409485,0.015446760570265814,0.05838836858631957,-0.004434245388864408,0.018542579319530406,0.012515004671138455,0.041387731331811395,0.0027829056310730294,0.013692796107492208,0.005464314920319153,0.10673036759163601,0.011892659519361722,0.009301441643013041,0.003997714608251475,1.0
-0.1406759270870257,-0.01596591498226271,0.014000691881880219,0.011560884232022483,-0.06802911272674805,-0.012264592705593769,0.01662654071409485,0.015446760570265814,0.05838836858631957,-0.004434245388864408,0.018542579319530406,0.012515004671138455,0.041387731331811395,0.0027829056310730294,0.013692796107492208,0.005464314920319153,1.0
-0.03466794665044759,-0.02089806614392816,0.011931213546304451,0.014241196001948791,-0.1406759270870257,-0.01596591498226271,0.014000691881880219,0.011560884232022483,-0.06802911272674805,-0.012264592705593769,0.01662654071409485,0.015446760570265814,0.05838836858631957,-0.004434245388864408,0.018542579319530406,0.012515004671138455,1.0
-0.06375951633067345,-0.02332225878509819,0.008716278110987805,0.021551810384122544,-0.03466794665044759,-0.02089806614392816,0.011931213546304451,0.014241196001948791,-0.1406759270870257,-0.01596591498226271,0.014000691881880219,0.011560884232022483,-0.06802911272674805,-0.012264592705593769,0.01662654071409485,0.015446760570265814,1.0
-0.0429794485469408,-0.02180069723009255,0.0016815277731320986,0.013480594466573988,-0.06375951633067345,-0.02332225878509819,0.008716278110987805,0.021551810384122544,-0.03466794665044759,-0.02089806614392816,0.011931213546304451,0.014241196001948791,-0.1406759270870257,-0.01596591498226271,0.014000691881880219,0.011560884232022483,1.0
-0.05106161326070158,-0.024913186458082343,-0.002630573246018529,0.014424908568012986,-0.0429794485469408,-0.02180069723009255,0.0016815277731320986,0.013480594466573988,-0.06375951633067345,-0.02332225878509819,0.008716278110987805,0.021551810384122544,-0.03466794665044759,-0.02089806614392816,0.011931213546304451,0.014241196001948791,1.0
-0.07366865968401548,-0.026479697821652593,-0.007861339455277335,0.02421240429877207,-0.05106161326070158,-0.024913186458082343,-0.002630573246018529,0.014424908568012986,-0.0429794485469408,-0.02180069723009255,0.0016815277731320986,0.013480594466573988,-0.06375951633067345,-0.02332225878509819,0.008716278110987805,0.021551810384122544,1.0
-0.045424499219103964,-0.028742156593991847,-0.012151861147247816,0.021150955135644335,-0.07366865968401548,-0.026479697821652593,-0.007861339455277335,0.02421240429877207,-0.05106161326070158,-0.024913186458082343,-0.002630573246018529,0.014424908568012986,-0.0429794485469408,-0.02180069723009255,0.0016815277731320986,0.013480594466573988,1.0
0.020838121199087567,-0.03397938389429416,-0.004884391075279054,0.017205862861580986,-0.045424499219103964,-0.028742156593991847,-0.012151861147247816,0.021150955135644335,-0.07366865968401548,-0.026479697821652593,-0.007861339455277335,0.02421240429877207,-0.05106161326070158,-0.024913186458082343,-0.002630573246018529,0.014424908568012986,1.0
-0.009752278114296686,-0.033959304617495994,-0.004963909359829804,0.005009506514601378,0.020838121199087567,-0.03397938389429416,-0.004884391075279054,0.017205862861580986,-0.045424499219103964,-0.028742156593991847,-0.012151861147247816,0.021150955135644335,-0.07366865968401548,-0.026479697821652593,-0.007861339455277335,0.02421240429877207,1.0
0.01599908279409412,-0.033554444335913564,-0.003287827403359684,-0.0012181856523299376,-0.009752278114296686,-0.033959304617495994,-0.004963909359829804,0.005009506514601378,0.020838121199087567,-0.03397938389429416,-0.004884391075279054,0.017205862861580986,-0.045424499219103964,-0.028742156593991847,-0.012151861147247816,0.021150955135644335,1.0
0.024281162390922262,-0.028695070437377252,-0.004731391012816268,-0.005306652933450775,0.01599908279409412,-0.033554444335913564,-0.003287827403359684,-0.0012181856523299376,-0.009752278114296686,-0.033959304617495994,-0.004963909359829804,0.005009506514601378,0.020838121199087567,-0.03397938389429416,-0.004884391075279054,0.017205862861580986,1.0
0.005108809226744171,-0.027130778570484404,-0.012154404898319484,-0.010305823101572464,0.024281162390922262,-0.028695070437377252,-0.004731391012816268,-0.005306652933450775,0.01599908279409412,-0.033554444335913564,-0.003287827403359684,-0.0012181856523299376,-0.009752278114296686,-0.033959304617495994,-0.004963909359829804,0.005009506514601378,1.0
0.04142088102669028,-0.021899486354232976,-0.005149977262448596,-0.011435216612105873,0.005108809226744171,-0.027130778570484404,-0.012154404898319484,-0.010305823101572464,0.024281162390922262,-0.028695070437377252,-0.004731391012816268,-0.005306652933450775,0.01599908279409412,-0.033554444335913564,-0.003287827403359684,-0.0012181856523299376,1.0
0.05651036255381037,-0.0223330677958466,-0.003602702740413179,-0.006403514321044337,0.04142088102669028,-0.021899486354232976,-0.005149977262448596,-0.011435216612105873,0.005108809226744171,-0.027130778570484404,-0.012154404898319484,-0.010305823101572464,0.024281162390922262,-0.028695070437377252,-0.004731391012816268,-0.005306652933450775,1.0
0.06174322943639865,-0.016174023499078344,-0.0030645765516122206,-0.0011648493293018281,0.05651036255381037,-0.0223330677958466,-0.003602702740413179,-0.006403514321044337,0.04142088102669028,-0.021899486354232976,-0.005149977262448596,-0.011435216612105873,0.005108809226744171,-0.027130778570484404,-0.012154404898319484,-0.010305823101572464,1.0
0.07128947081022297,-0.02012181445580571,0.00015110326467958988,0.004636056543777639,0.06174322943639865,-0.016174023499078344,-0.0030645765516122206,-0.0011648493293018281,0.05651036255381037,-0.0223330677958466,-0.003602702740413179,-0.006403514321044337,0.04142088102669028,-0.021899486354232976,-0.005149977262448596,-0.011435216612105873,1.0
0.08006884758496824,-0.02199821350088177,-0.00536575469839866,0.00823724074947684,0.07128947081022297,-0.02012181445580571,0.00015110326467958988,0.004636056543777639,0.06174322943639865,-0.016174023499078344,-0.0030645765516122206,-0.0011648493293018281,0.05651036255381037,-0.0223330677958466,-0.003602702740413179,-0.006403514321044337,1.0
-0.028781642180163658,-0.019121330761732003,-0.006460943256293136,0.00830530159052091,0.08006884758496824,-0.02199821350088177,-0.00536575469839866,0.00823724074947684,0.07128947081022297,-0.02012181445580571,0.00015110326467958988,0.004636056543777639,0.06174322943639865,-0.016174023499078344,-0.0030645765516122206,-0.0011648493293018281,1.0
-0.021470358152917868,-0.020917039569377273,-0.007012486907727003,0.006573375400511649,-0.028781642180163658,-0.019121330761732003,-0.006460943256293136,0.00830530159052091,0.08006884758496824,-0.02199821350088177,-0.00536575469839866,0.00823724074947684,0.07128947081022297,-0.02012181445580571,0.00015110326467958988,0.004636056543777639,1.0
-0.031732398293787156,-0.019581239323080837,-0.009259377776663785,0.001264590869973763,-0.021470358152917868,-0.020917039569377273,-0.007012486907727003,0.006573375400511649,-0.028781642180163658,-0.019121330761732003,-0.006460943256293136,0.00830530159052091,0.08006884758496824,-0.02199821350088177,-0.00536575469839866,0.00823724074947684,1.0
0.010404585332572935,-0.0196721340650825,-0.009409202080937174,-0.0008788171684091177,-0.031732398293787156,-0.019581239323080837,-0.009259377776663785,0.001264590869973763,-0.021470358152917868,-0.020917039569377273,-0.007012486907727003,0.006573375400511649,-0.028781642180163658,-0.019121330761732003,-0.006460943256293136,0.00830530159052091,1.0
-0.05107748432223147,-0.015296060272532571,-0.010991981372328955,-0.0058363862465254214,0.010404585332572935,-0.0196721340650825,-0.009409202080937174,-0.0008788171684091177,-0.031732398293787156,-0.019581239323080837,-0.009259377776663785,0.001264590869973763,-0.021470358152917868,-0.020917039569377273,-0.007012486907727003,0.006573375400511649,1.0
-0.013206038034978107,-0.014858185141729045,-0.010547305834227121,-0.008229472071051963,-0.05107748432223147,-0.015296060272532571,-0.010991981372328955,-0.0058363862465254214,0.010404585332572935,-0.0196721340650825,-0.009409202080937174,-0.0008788171684091177,-0.031732398293787156,-0.019581239323080837,-0.009259377776663785,0.001264590869973763,1.0
-0.02997000331646582,-0.010460668723418146,-0.011369166761825958,-0.0045701207302692205,-0.013206038034978107,-0.014858185141729045,-0.010547305834227121,-0.008229472071051963,-0.05107748432223147,-0.015296060272532571,-0.010991981372328955,-0.0058363862465254214,0.010404585332572935,-0.0196721340650825,-0.009409202080937174,-0.0008788171684091177,1.0
0.02679236776606153,-0.0024318653967692655,-0.0126189951175973,-0.004255358557531786,-0.02997000331646582,-0.010460668723418146,-0.011369166761825958,-0.0045701207302692205,-0.013206038034978107,-0.014858185141729045,-0.010547305834227121,-0.008229472071051963,-0.05107748432223147,-0.015296060272532571,-0.010991981372328955,-0.0058363862465254214,1.0
0.041481434660981975,-0.0004451776235355802,-0.007307918346103217,0.001225280725086852,0.02679236776606153,-0.0024318653967692655,-0.0126189951175973,-0.004255358557531786,-0.02997000331646582,-0.010460668723418146,-0.011369166761825958,-0.0045701207302692205,-0.013206038034978107,-0.014858185141729045,-0.010547305834227121,-0.008229472071051963,1.0
-0.007179510398817257,0.002628471767447007,-0.005135413736480027,0.006019921121577361,0.041481434660981975,-0.0004451776235355802,-0.007307918346103217,0.001225280725086852,0.02679236776606153,-0.0024318653967692655,-0.0126189951175973,-0.004255358557531786,-0.02997000331646582,-0.010460668723418146,-0.011369166761825958,-0.0045701207302692205,1.0
0.05764731606426743,0.0014984665356378955,-0.007891108407621247,0.0037203948405716606,-0.007179510398817257,0.002628471767447007,-0.005135413736480027,0.006019921121577361,0.041481434660981975,-0.0004451776235355802,-0.007307918346103217,0.001225280725086852,0.02679236776606153,-0.0024318653967692655,-0.0126189951175973,-0.004255358557531786,1.0
0.0022524590719861237,0.0025511707395815884,-0.008928376206110797,0.0030171444916825014,0.05764731606426743,0.0014984665356378955,-0.007891108407621247,0.0037203948405716606,-0.007179510398817257,0.002628471767447007,-0.005135413736480027,0.006019921121577361,0.041481434660981975,-0.0004451776235355802,-0.007307918346103217,0.001225280725086852,1.0
-0.01930880227188503,0.002131668739835155,-0.013996862124158965,0.002240704859055724,0.0022524590719861237,0.0025511707395815884,-0.008928376206110797,0.0030171444916825014,0.05764731606426743,0.0014984665356378955,-0.007891108407621247,0.0037203948405716606,-0.007179510398817257,0.002628471767447007,-0.005135413736480027,0.006019921121577361,1.0
-0.06076631432024193,0.005900109123792098,-0.01693602023048669,-0.0028015442298369303,-0.01930880227188503,0.002131668739835155,-0.013996862124158965,0.002240704859055724,0.0022524590719861237,0.0025511707395815884,-0.008928376206110797,0.0030171444916825014,0.05764731606426743,0.0014984665356378955,-0.007891108407621247,0.0037203948405716606,1.0
-0.01700578515070461,0.008956184625274206,-0.017295840575851068,-0.01021343202123464,-0.06076631432024193,0.005900109123792098,-0.01693602023048669,-0.0028015442298369303,-0.01930880227188503,0.002131668739835155,-0.013996862124158965,0.002240704859055724,0.0022524590719861237,0.0025511707395815884,-0.008928376206110797,0.0030171444916825014,1.0
-0.0056805575592076,0.008988240927544711,-0.015051411118464942,-0.01335314292873539,-0.01700578515070461,0.008956184625274206,-0.017295840575851068,-0.01021343202123464,-0.06076631432024193,0.005900109123792098,-0.01693602023048669,-0.0028015442298369303,-0.01930880227188503,0.002131668739835155,-0.013996862124158965,0.002240704859055724,1.0
0.02032427851185048,0.01709057842355616,-0.012401984352902918,-0.014494141519752249,-0.0056805575592076,0.008988240927544711,-0.015051411118464942,-0.01335314292873539,-0.01700578515070461,0.008956184625274206,-0.017295840575851068,-0.01021343202123464,-0.06076631432024193,0.005900109123792098,-0.01693602023048669,-0.0028015442298369303,1.0
0.03306581367113104,0.026975525197638094,-0.009051544399750755,-0.009460335116292629,0.02032427851185048,0.01709057842355616,-0.012401984352902918,-0.014494141519752249,-0.0056805575592076,0.008988240927544711,-0.015051411118464942,-0.01335314292873539,-0.01700578515070461,0.008956184625274206,-0.017295840575851068,-0.01021343202123464,1.0
0.06830633057588642,0.029789359614370552,-0.0056478684782840195,-0.007760046852274179,0.03306581367113104,0.026975525197638094,-0.009051544399750755,-0.009460335116292629,0.02032427851185048,0.01709057842355616,-0.012401984352902918,-0.014494141519752249,-0.0056805575592076,0.008988240927544711,-0.015051411118464942,-0.01335314292873539,1.0
0.05651163263305037,0.032143730835337565,-0.006709189643151712,-0.008112276452251183,0.06830633057588642,0.029789359614370552,-0.0056478684782840195,-0.007760046852274179,0.03306581367113104,0.026975525197638094,-0.009051544399750755,-0.009460335116292629,0.02032427851185048,0.01709057842355616,-0.012401984352902918,-0.014494141519752249,1.0
0.08711536402147502,0.03152438431348815,-0.004978065491281105,-0.00059083533876902,0.05651163263305037,0.032143730835337565,-0.006709189643151712,-0.008112276452251183,0.06830633057588642,0.029789359614370552,-0.0056478684782840195,-0.007760046852274179,0.03306581367113104,0.026975525197638094,-0.009051544399750755,-0.009460335116292629,1.0
0.06988156737768136,0.029631142929152345,-0.005151014169723795,0.0057859253448454195,0.08711536402147502,0.03152438431348815,-0.004978065491281105,-0.00059083533876902,0.05651163263305037,0.032143730835337565,-0.006709189643151712,-0.008112276452251183,0.06830633057588642,0.029789359614370552,-0.0056478684782840195,-0.007760046852274179,1.0
0.04525844117756961,0.027846113235949176,-0.005396686475797809,0.002102994324146507,0.06988156737768136,0.029631142929152345,-0.005151014169723795,0.0057859253448454195,0.08711536402147502,0.03152438431348815,-0.004978065491281105,-0.00059083533876902,0.05651163263305037,0.032143730835337565,-0.006709189643151712,-0.008112276452251183,1.0
0.0003055163260565763,0.02612192645844493,0.004113042379028229,0.004066131630904015,0.04525844117756961,0.027846113235949176,-0.005396686475797809,0.002102994324146507,0.06988156737768136,0.029631142929152345,-0.005151014169723795,0.0057859253448454195,0.08711536402147502,0.03152438431348815,-0.004978065491281105,-0.00059083533876902,1.0
-0.023446755715529122,0.02263489556404657,0.001980468782836957,0.0014254538591015502,0.0003055163260565763,0.02612192645844493,0.004113042379028229,0.004066131630904015,0.04525844117756961,0.027846113235949176,-0.005396686475797809,0.002102994324146507,0.06988156737768136,0.029631142929152345,-0.005151014169723795,0.0057859253448454195,1.0
0.015488050817435095,0.02024218423869537,-0.00043781466563713403,-0.009529474454523939,-0.023446755715529122,0.02263489556404657,0.001980468782836957,0.0014254538591015502,0.0003055163260565763,0.02612192645844493,0.004113042379028229,0.004066131630904015,0.04525844117756961,0.027846113235949176,-0.005396686475797809,0.002102994324146507,1.0
-0.03953770442214477,0.019813438741430097,0.0011459377796236663,-0.012875062974973372,0.015488050817435095,0.02024218423869537,-0.00043781466563713403,-0.009529474454523939,-0.023446755715529122,0.02263489556404657,0.001980468782836957,0.0014254538591015502,0.0003055163260565763,0.02612192645844493,0.004113042379028229,0.004066131630904015,1.0
-0.008132965919889656,0.021927102766370485,-0.006158970985448751,-0.004119184733463965,-0.03953770442214477,0.019813438741430097,0.0011459377796236663,-0.012875062974973372,0.015488050817435095,0.02024218423869537,-0.00043781466563713403,-0.009529474454523939,-0.023446755715529122,0.02263489556404657,0.001980468782836957,0.0014254538591015502,1.0
-0.03127197000813986,0.01923873491365159,-0.006525957225196257,-0.0034864512234489007,-0.008132965919889656,0.021927102766370485,-0.006158970985448751,-0.004119184733463965,-0.03953770442214477,0.019813438741430097,0.0011459377796236663,-0.012875062974973372,0.015488050817435095,0.02024218423869537,-0.00043781466563713403,-0.009529474454523939,1.0
-0.00913640664139237,0.01833022307043742,-0.0034754633485200213,-0.003352263076502665,-0.03127197000813986,0.01923873491365159,-0.006525957225196257,-0.0034864512234489007,-0.008132965919889656,0.021927102766370485,-0.006158970985448751,-0.004119184733463965,-0.03953770442214477,0.019813438741430097,0.0011459377796236663,-0.012875062974973372,1.0
-0.100661033470411,0.015115644958930093,-3.792414982742674e-05,-0.0008835475268660593,-0.00913640664139237,0.01833022307043742,-0.0034754633485200213,-0.003352263076502665,-0.03127197000813986,0.01923873491365159,-0.006525957225196257,-0.0034864512234489007,-0.008132965919889656,0.021927102766370485,-0.006158970985448751,-0.004119184733463965,1.0
-0.07395345911043805,0.012803436940199323,-0.005915554000375785,-0.009535199492193688,-0.100661033470411,0.015115644958930093,-3.792414982742674e-05,-0.0008835475268660593,-0.00913640664139237,0.01833022307043742,-0.0034754633485200213,-0.003352263076502665,-0.03127197000813986,0.01923873491365159,-0.006525957225196257,-0.0034864512234489007,1.0
-0.09384810914581365,0.019037778111593292,-0.006675519043569099,-0.011957131368176766,-0.07395345911043805,0.012803436940199323,-0.005915554000375785,-0.009535199492193688,-0.100661033470411,0.015115644958930093,-3.792414982742674e-05,-0.0008835475268660593,-0.00913640664139237,0.01833022307043742,-0.0034754633485200213,-0.003352263076502665,1.0
-0.10204643611405828,0.02248130698493228,-0.008712848543840175,-0.012213508417424409,-0.09384810914581365,0.019037778111593292,-0.006675519043569099,-0.011957131368176766,-0.07395345911043805,0.012803436940199323,-0.005915554000375785,-0.009535199492193688,-0.100661033470411,0.015115644958930093,-3.792414982742674e-05,-0.0008835475268660593,1.0
-0.057617340859550836,0.02657302597734325,-0.013913006471847424,-0.01080254923311754,-0.10204643611405828,0.02248130698493228,-0.008712848543840175,-0.012213508417424409,-0.09384810914581365,0.019037778111593292,-0.006675519043569099,-0.011957131368176766,-0.07395345911043805,0.012803436940199323,-0.005915554000375785,-0.009535199492193688,1.0
-0.10530475213112034,0.02711605570564076,-0.007589402384192484,-0.010248805277613182,-0.057617340859550836,0.02657302597734325,-0.013913006471847424,-0.01080254923311754,-0.10204643611405828,0.02248130698493228,-0.008712848543840175,-0.012213508417424409,-0.09384810914581365,0.019037778111593292,-0.006675519043569099,-0.011957131368176766,1.0
-0.05825235240350857,0.02497635715173129,-0.0066214456895577365,-0.012462538121148618,-0.10530475213112034,0.02711605570564076,-0.007589402384192484,-0.010248805277613182,-0.057617340859550836,0.02657302597734325,-0.013913006471847424,-0.01080254923311754,-0.10204643611405828,0.02248130698493228,-0.008712848543840175,-0.012213508417424409,1.0
-0.019946152371392856,0.026473778395543334,-0.0044498207477682815,-0.010846843301656093,-0.05825235240350857,0.02497635715173129,-0.0066214456895577365,-0.012462538121148618,-0.10530475213112034,0.02711605570564076,-0.007589402384192484,-0.010248805277613182,-0.057617340859550836,0.02657302597734325,-0.013913006471847424,-0.01080254923311754,1.0
-0.04547754166557816,0.02891462028545143,-0.006138716789497362,-0.009711202694778572,-0.019946152371392856,0.026473778395543334,-0.0044498207477682815,-0.010846843301656093,-0.05825235240350857,0.02497635715173129,-0.0066214456895577365,-0.012462538121148618,-0.10530475213112034,0.02711605570564076,-0.007589402384192484,-0.010248805277613182,1.0
-0.08310042319265953,0.0302346378115401,-0.006121075454537741,-0.011711315257321147,-0.04547754166557816,0.02891462028545143,-0.006138716789497362,-0.009711202694778572,-0.019946152371392856,0.026473778395543334,-0.0044498207477682815,-0.010846843301656093,-0.05825235240350857,0.02497635715173129,-0.0066214456895577365,-0.012462538121148618,1.0
-0.01061650812487791,0.03312953181496819,-0.0022587653466245856,-0.009273247855282558,-0.08310042319265953,0.0302346378115401,-0.006121075454537741,-0.011711315257321147,-0.04547754166557816,0.02891462028545143,-0.006138716789497362,-0.009711202694778572,-0.019946152371392856,0.026473778395543334,-0.0044498207477682815,-0.010846843301656093,1.0
0.003213594452635249,0.03497235876164461,-0.002134875458270083,-0.0034432995491731587,-0.01061650812487791,0.03312953181496819,-0.0022587653466245856,-0.009273247855282558,-0.08310042319265953,0.0302346378115401,-0.006121075454537741,-0.011711315257321147,-0.04547754166557816,0.02891462028545143,-0.006138716789497362,-0.009711202694778572,1.0
0.013059460411625423,0.038495239117300385,-0.0010220333183865713,-0.002175420524025556,0.003213594452635249,0.03497235876164461,-0.002134875458270083,-0.0034432995491731587,-0.01061650812487791,0.03312953181496819,-0.0022587653466245856,-0.009273247855282558,-0.08310042319265953,0.0302346378115401,-0.006121075454537741,-0.011711315257321147,1.0
0.04353467924140375,0.03735387188408634,0.002658767278561804,0.0012576212131023647,0.013059460411625423,0.038495239117300385,-0.0010220333183865713,-0.002175420524025556,0.003213594452635249,0.03497235876164461,-0.002134875458270083,-0.0034432995491731587,-0.01061650812487791,0.03312953181496819,-0.0022587653466245856,-0.009273247855282558,1.0
0.07204821250791404,0.03610461344602808,0.0015591772158516995,0.005760358891720347,0.04353467924140375,0.03735387188408634,0.002658767278561804,0.0012576212131023647,0.013059460411625423,0.038495239117300385,-0.0010220333183865713,-0.002175420524025556,0.003213594452635249,0.03497235876164461,-0.002134875458270083,-0.0034432995491731587,1.0
-0.013381528575649781,0.03968608993830693,-0.0015725556789028562,-0.00023425959204153608,0.07204821250791404,0.03610461344602808,0.0015591772158516995,0.005760358891720347,0.04353467924140375,0.03735387188408634,0.002658767278561804,0.0012576212131023647,0.013059460411625423,0.038495239117300385,-0.0010220333183865713,-0.002175420524025556,1.0
0.04774409665748891,0.04033039433581991,-9.375043219595295e-05,-0.000697062452295468,-0.013381528575649781,0.03968608993830693,-0.0015725556789028562,-0.00023425959204153608,0.07204821250791404,0.03610461344602808,0.0015591772158516995,0.005760358891720347,0.04353467924140375,0.03735387188408634,0.002658767278561804,0.0012576212131023647,1.0
0.09050580752813886,0.0414045615394147,0.000208292335608528,-0.0015414943506215878,0.04774409665748891,0.04033039433581991,-9.375043219595295e-05,-0.000697062452295468,-0.013381528575649781,0.03968608993830693,-0.0015725556789028562,-0.00023425959204153608,0.07204821250791404,0.03610461344602808,0.0015591772158516995,0.005760358891720347,1.0
0.1414289181177235,0.043421660140983705,-0.000397804710156387,-0.0031541027865384574,0.09050580752813886,0.0414045615394147,0.000208292335608528,-0.0015414943506215878,0.04774409665748891,0.04033039433581991,-9.375043219595295e-05,-0.000697062452295468,-0.013381528575649781,0.03968608993830693,-0.0015725556789028562,-0.00023425959204153608,1.0
0.09093448322527031,0.04414856549255513,0.010100199381135395,0.016218525901709923,0.1414289181177235,0.043421660140983705,-0.000397804710156387,-0.0031541027865384574,0.09050580752813886,0.0414045615394147,0.000208292335608528,-0.0015414943506215878,0.04774409665748891,0.04033039433581991,-9.375043219595295e-05,-0.000697062452295468,1.0
0.14738812762801246,0.03970027041923484,0.014154878159350518,0.025976092648834947,0.09093448322527031,0.04414856549255513,0.010100199381135395,0.016218525901709923,0.1414289181177235,0.043421660140983705,-0.000397804710156387,-0.0031541027865384574,0.09050580752813886,0.0414045615394147,0.000208292335608528,-0.0015414943506215878,1.0
0.21183361590390248,0.03510976358922802,0.01851022572449011,0.0375269394535591,0.14738812762801246,0.03970027041923484,0.014154878159350518,0.025976092648834947,0.09093448322527031,0.04414856549255513,0.010100199381135395,0.016218525901709923,0.1414289181177235,0.043421660140983705,-0.000397804710156387,-0.0031541027865384574,1.0
0.1653503225495001,0.025509930676638617,0.02491971590193249,0.046776705097965186,0.21183361590390248,0.03510976358922802,0.01851022572449011,0.0375269394535591,0.14738812762801246,0.03970027041923484,0.014154878159350518,0.025976092648834947,0.09093448322527031,0.04414856549255513,0.010100199381135395,0.016218525901709923,1.0
0.04143087635100251,0.003114625341002489,0.007875045225673626,0.029168999308152532,0.1653503225495001,0.025509930676638617,0.02491971590193249,0.046776705097965186,0.21183361590390248,0.03510976358922802,0.01851022572449011,0.0375269394535591,0.14738812762801246,0.03970027041923484,0.014154878159350518,0.025976092648834947,1.0
-0.10806579360225754,-0.015186866663531801,-0.0045714858205694224,-0.0004755364805567213,0.04143087635100251,0.003114625341002489,0.007875045225673626,0.029168999308152532,0.1653503225495001,0.025509930676638617,0.02491971590193249,0.046776705097965186,0.21183361590390248,0.03510976358922802,0.01851022572449011,0.0375269394535591,1.0
-0.14453855782729796,-0.0217076167641459,-0.01371564844584489,-0.007905149474569611,-0.10806579360225754,-0.015186866663531801,-0.0045714858205694224,-0.0004755364805567213,0.04143087635100251,0.003114625341002489,0.007875045225673626,0.029168999308152532,0.1653503225495001,0.025509930676638617,0.02491971590193249,0.046776705097965186,1.0
-0.1150017841695874,-0.022857926681720805,-0.019880219637152263,-0.011563745560003402,-0.14453855782729796,-0.0217076167641459,-0.01371564844584489,-0.007905149474569611,-0.10806579360225754,-0.015186866663531801,-0.0045714858205694224,-0.0004755364805567213,0.04143087635100251,0.003114625341002489,0.007875045225673626,0.029168999308152532,1.0
0.007553634426120226,-0.02102139153550195,-0.01041668868906316,-0.015489712652427453,-0.1150017841695874,-0.022857926681720805,-0.019880219637152263,-0.011563745560003402,-0.14453855782729796,-0.0217076167641459,-0.01371564844584489,-0.007905149474569611,-0.10806579360225754,-0.015186866663531801,-0.0045714858205694224,-0.0004755364805567213,1.0
-0.15864797202755554,-0.018082763210427726,-0.00011745114142063994,-0.019992670570826897,0.007553634426120226,-0.02102139153550195,-0.01041668868906316,-0.015489712652427453,-0.1150017841695874,-0.022857926681720805,-0.019880219637152263,-0.011563745560003402,-0.14453855782729796,-0.0217076167641459,-0.01371564844584489,-0.007905149474569611,1.0
-0.0030096539135353595,-0.016000898674425574,0.001289312014565121,-0.022905855122659035,-0.15864797202755554,-0.018082763210427726,-0.00011745114142063994,-0.019992670570826897,0.007553634426120226,-0.02102139153550195,-0.01041668868906316,-0.015489712652427453,-0.1150017841695874,-0.022857926681720805,-0.019880219637152263,-0.011563745560003402,1.0
-0.011835532905370982,-0.017300816541966853,0.000774641388711473,-0.02223503442372791,-0.0030096539135353595,-0.016000898674425574,0.001289312014565121,-0.022905855122659035,-0.15864797202755554,-0.018082763210427726,-0.00011745114142063994,-0.019992670570826897,0.007553634426120226,-0.02102139153550195,-0.01041668868906316,-0.015489712652427453,1.0
0.04251537973398456,-0.01442034712283763,0.00456790787356531,-0.017958022177921685,-0.011835532905370982,-0.017300816541966853,0.000774641388711473,-0.02223503442372791,-0.0030096539135353595,-0.016000898674425574,0.001289312014565121,-0.022905855122659035,-0.15864797202755554,-0.018082763210427726,-0.00011745114142063994,-0.019992670570826897,1.0
0.011810560923043667,-0.01579157852345265,0.00900534577340694,-0.011832610760635668,0.04251537973398456,-0.01442034712283763,0.00456790787356531,-0.017958022177921685,-0.011835532905370982,-0.017300816541966853,0.000774641388711473,-0.02223503442372791,-0.0030096539135353595,-0.016000898674425574,0.001289312014565121,-0.022905855122659035,1.0
-0.02941139155383965,-0.01788524872798137,0.013507256519195113,-0.004693235788482813,0.011810560923043667,-0.01579157852345265,0.00900534577340694,-0.011832610760635668,0.04251537973398456,-0.01442034712283763,0.00456790787356531,-0.017958022177921685,-0.011835532905370982,-0.017300816541966853,0.000774641388711473,-0.02223503442372791,1.0
0.011839564557538651,-0.018171567332412805,0.014976279157482616,-0.002675731430587624,-0.02941139155383965,-0.01788524872798137,0.013507256519195113,-0.004693235788482813,0.011810560923043667,-0.01579157852345265,0.00900534577340694,-0.011832610760635668,0.04251537973398456,-0.01442034712283763,0.00456790787356531,-0.017958022177921685,1.0
-0.02760075799873718,-0.017860886432921587,0.01339542885839719,-0.0017030553690023556,0.011839564557538651,-0.018171567332412805,0.014976279157482616,-0.002675731430587624,-0.02941139155383965,-0.01788524872798137,0.013507256519195113,-0.004693235788482813,0.011810560923043667,-0.01579157852345265,0.00900534577340694,-0.011832610760635668,1.0
0.0153297031571622,-0.01479979444804602,0.009695144693906681,-0.00034957123985871304,-0.02760075799873718,-0.017860886432921587,0.01339542885839719,-0.0017030553690023556,0.011839564557538651,-0.018171567332412805,0.014976279157482616,-0.002675731430587624,-0.02941139155383965,-0.01788524872798137,0.013507256519195113,-0.004693235788482813,1.0
0.007297333177801235,-0.017594741085456084,0.005055650886400912,-0.0002515100998589502,0.0153297031571622,-0.01479979444804602,0.009695144693906681,-0.00034957123985871304,-0.02760075799873718,-0.017860886432921587,0.01339542885839719,-0.0017030553690023556,0.011839564557538651,-0.018171567332412805,0.014976279157482616,-0.002675731430587624,1.0
0.00665394217222115,-0.019006520038199096,0.003938327448981173,-0.0035871978481760713,0.007297333177801235,-0.017594741085456084,0.005055650886400912,-0.0002515100998589502,0.0153297031571622,-0.01479979444804602,0.009695144693906681,-0.00034957123985871304,-0.02760075799873718,-0.017860886432921587,0.01339542885839719,-0.0017030553690023556,1.0
-0.04155987204558187,-0.02265712735953439,0.0027972746051741276,-0.0010226013424878217,0.00665394217222115,-0.019006520038199096,0.003938327448981173,-0.0035871978481760713,0.007297333177801235,-0.017594741085456084,0.005055650886400912,-0.0002515100998589502,0.0153297031571622,-0.01479979444804602,0.009695144693906681,-0.00034957123985871304,1.0
0.030605051146672224,-0.02205364981219966,0.00014602876377771081,0.0008478701562621581,-0.04155987204558187,-0.02265712735953439,0.0027972746051741276,-0.0010226013424878217,0.00665394217222115,-0.019006520038199096,0.003938327448981173,-0.0035871978481760713,0.007297333177801235,-0.017594741085456084,0.005055650886400912,-0.0002515100998589502,1.0
0.0008236319137111536,-0.02121049643155157,-0.0012364178175240206,8.188167381636831e-05,0.030605051146672224,-0.02205364981219966,0.00014602876377771081,0.0008478701562621581,-0.04155987204558187,-0.02265712735953439,0.0027972746051741276,-0.0010226013424878217,0.00665394217222115,-0.019006520038199096,0.003938327448981173,-0.0035871978481760713,1.0
0.01825594648322948,-0.01914341401333362,0.0011960990083298235,0.002739607073189439,0.0008236319137111536,-0.02121049643155157,-0.0012364178175240206,8.188167381636831e-05,0.030605051146672224,-0.02205364981219966,0.00014602876377771081,0.0008478701562621581,-0.04155987204558187,-0.02265712735953439,0.0027972746051741276,-0.0010226013424878217,1.0
-0.03248094504718857,-0.017933259967338355,-0.0015044604354948283,0.005418618684633657,0.01825594648322948,-0.01914341401333362,0.0011960990083298235,0.002739607073189439,0.0008236319137111536,-0.02121049643155157,-0.0012364178175240206,8.188167381636831e-05,0.030605051146672224,-0.02205364981219966,0.00014602876377771081,0.0008478701562621581,1.0
-0.04225387035882022,-0.01936303009336409,-0.002300011908604962,0.010677662767554967,-0.03248094504718857,-0.017933259967338355,-0.0015044604354948283,0.005418618684633657,0.01825594648322948,-0.01914341401333362,0.0011960990083298235,0.002739607073189439,0.0008236319137111536,-0.02121049643155157,-0.0012364178175240206,8.188167381636831e-05,1.0
-0.008487532888270977,-0.015774091125357874,0.00020347972971548696,0.008232478646823391,-0.04225387035882022,-0.01936303009336409,-0.002300011908604962,0.010677662767554967,-0.03248094504718857,-0.017933259967338355,-0.0015044604354948283,0.005418618684633657,0.01825594648322948,-0.01914341401333362,0.0011960990083298235,0.002739607073189439,1.0
0.006557043884345859,-0.012570763465446926,-0.0019040147724263114,0.007442864161266237,-0.008487532888270977,-0.015774091125357874,0.00020347972971548696,0.008232478646823391,-0.04225387035882022,-0.01936303009336409,-0.002300011908604962,0.010677662767554967,-0.03248094504718857,-0.017933259967338355,-0.0015044604354948283,0.005418618684633657,1.0
-0.026991306880187693,-0.011903277700907362,-0.004529356593005398,0.006939913907657054,0.006557043884345859,-0.012570763465446926,-0.0019040147724263114,0.007442864161266237,-0.008487532888270977,-0.015774091125357874,0.00020347972971548696,0.008232478646823391,-0.04225387035882022,-0.01936303009336409,-0.002300011908604962,0.010677662767554967,1.0
-0.03877089061376715,-0.011276726707219676,-0.009219290502406616,0.00494692527653704,-0.026991306880187693,-0.011903277700907362,-0.004529356593005398,0.006939913907657054,0.006557043884345859,-0.012570763465446926,-0.0019040147724263114,0.007442864161266237,-0.008487532888270977,-0.015774091125357874,0.00020347972971548696,0.008232478646823391,1.0
-0.0012369875830469113,-0.010723578240607236,-0.007504552176010188,0.005145892401167465,-0.03877089061376715,-0.011276726707219676,-0.009219290502406616,0.00494692527653704,-0.026991306880187693,-0.011903277700907362,-0.004529356593005398,0.006939913907657054,0.006557043884345859,-0.012570763465446926,-0.0019040147724263114,0.007442864161266237,1.0
-0.028874775867341995,-0.0094308001279235,-0.007708051197322575,0.003118573951391405,-0.0012369875830469113,-0.010723578240607236,-0.007504552176010188,0.005145892401167465,-0.03877089061376715,-0.011276726707219676,-0.009219290502406616,0.00494692527653704,-0.026991306880187693,-0.011903277700907362,-0.004529356593005398,0.006939913907657054,1.0
-0.025666456589632958,-0.011292810405363627,-0.006702299220404991,7.15950910080919e-06,-0.028874775867341995,-0.0094308001279235,-0.007708051197322575,0.003118573951391405,-0.0012369875830469113,-0.010723578240607236,-0.007504552176010188,0.005145892401167465,-0.03877089061376715,-0.011276726707219676,-0.009219290502406616,0.00494692527653704,1.0
-0.027088895865762908,-0.010492405092266,-0.004675058009450221,-0.004975807521657588,-0.025666456589632958,-0.011292810405363627,-0.006702299220404991,7.15950910080919e-06,-0.028874775867341995,-0.0094308001279235,-0.007708051197322575,0.003118573951391405,-0.0012369875830469113,-0.010723578240607236,-0.007504552176010188,0.005145892401167465,1.0
0.021410415371221347,-0.011995661849877248,-0.005080099400047745,-0.0032375956602581765,-0.027088895865762908,-0.010492405092266,-0.004675058009450221,-0.004975807521657588,-0.025666456589632958,-0.011292810405363627,-0.006702299220404991,7.15950910080919e-06,-0.028874775867341995,-0.0094308001279235,-0.007708051197322575,0.003118573951391405,1.0
0.00902408902848606,-0.012100884207515268,-0.002673785939616316,-0.003518894070415658,0.021410415371221347,-0.011995661849877248,-0.005080099400047745,-0.0032375956602581765,-0.027088895865762908,-0.010492405092266,-0.004675058009450221,-0.004975807521657588,-0.025666456589632958,-0.011292810405363627,-0.006702299220404991,7.15950910080919e-06,1.0
-0.02830068474786529,-0.009376564520769494,0.001321767079137563,-0.0022363149044945154,0.00902408902848606,-0.012100884207515268,-0.002673785939616316,-0.003518894070415658,0.021410415371221347,-0.011995661849877248,-0.005080099400047745,-0.0032375956602581765,-0.027088895865762908,-0.010492405092266,-0.004675058009450221,-0.004975807521657588,1.0
0.04418419451695854,-0.006923749556226647,0.006998172036074537,-0.00039242219202919454,-0.02830068474786529,-0.009376564520769494,0.001321767079137563,-0.0022363149044945154,0.00902408902848606,-0.012100884207515268,-0.002673785939616316,-0.003518894070415658,0.021410415371221347,-0.011995661849877248,-0.005080099400047745,-0.0032375956602581765,1.0
0.06400678231003809,-0.004916263417864039,0.005768601649603703,-0.0023619540353920026,0.04418419451695854,-0.006923749556226647,0.006998172036074537,-0.00039242219202919454,-0.02830068474786529,-0.009376564520769494,0.001321767079137563,-0.0022363149044945154,0.00902408902848606,-0.012100884207515268,-0.002673785939616316,-0.003518894070415658,1.0
0.05532950566314909,-0.001970609897941976,0.006015313795623077,-0.003698169179959686,0.06400678231003809,-0.004916263417864039,0.005768601649603703,-0.0023619540353920026,0.04418419451695854,-0.006923749556226647,0.006998172036074537,-0.00039242219202919454,-0.02830068474786529,-0.009376564520769494,0.001321767079137563,-0.0022363149044945154,1.0
0.008939796691377566,-0.0009021103283783403,0.005481980084321152,-0.0011574611973163937,0.05532950566314909,-0.001970609897941976,0.006015313795623077,-0.003698169179959686,0.06400678231003809,-0.004916263417864039,0.005768601649603703,-0.0023619540353920026,0.04418419451695854,-0.006923749556226647,0.006998172036074537,-0.00039242219202919454,1.0
0.04031640559363936,0.0007634046979484375,0.004603201366623063,0.004092201678983361,0.008939796691377566,-0.0009021103283783403,0.005481980084321152,-0.0011574611973163937,0.05532950566314909,-0.001970609897941976,0.006015313795623077,-0.003698169179959686,0.06400678231003809,-0.004916263417864039,0.005768601649603703,-0.0023619540353920026,1.0
0.015971266690607777,0.003213105031718848,0.007616292955868777,0.004994811530872729,0.04031640559363936,0.0007634046979484375,0.004603201366623063,0.004092201678983361,0.008939796691377566,-0.0009021103283783403,0.005481980084321152,-0.0011574611973163937,0.05532950566314909,-0.001970609897941976,0.006015313795623077,-0.003698169179959686,1.0
-0.011288206272388024,0.0042977776122935865,0.010882767893754947,0.009059356346509211,0.015971266690607777,0.003213105031718848,0.007616292955868777,0.004994811530872729,0.04031640559363936,0.0007634046979484375,0.004603201366623063,0.004092201678983361,0.008939796691377566,-0.0009021103283783403,0.005481980084321152,-0.0011574611973163937,1.0
