CNT_1,Y_1_star,P_1_star,RR_1_star,CNT_2,Y_2_star,P_2_star,RR_2_star,CNT_3,Y_3_star,P_3_star,RR_3_star,CNT_4,Y_4_star,P_4_star,RR_4_star,cons
0.005151446322008368,-0.013680561142976303,-0.011108023673500353,-0.0028735052301676984,0.011782725815825401,-0.01192820720827055,-0.01089000998777667,0.00037249703440331907,0.02035774599580087,-0.013442110305153214,-0.009806663472952245,0.002400071872593459,0.03077619068236004,-0.012779125896134218,-0.010066457643382673,0.002288801854654431,1.0
-0.0025221262829404623,-0.015144275838723846,-0.011956719301052016,-0.007064372407158362,0.005151446322008368,-0.013680561142976303,-0.011108023673500353,-0.0028735052301676984,0.011782725815825401,-0.01192820720827055,-0.01089000998777667,0.00037249703440331907,0.02035774599580087,-0.013442110305153214,-0.009806663472952245,0.002400071872593459,1.0
-0.009775909678571892,-0.012422055031595824,-0.011419219189355873,-0.005976593197663279,-0.0025221262829404623,-0.015144275838723846,-0.011956719301052016,-0.007064372407158362,0.005151446322008368,-0.013680561142976303,-0.011108023673500353,-0.0028735052301676984,0.011782725815825401,-0.01192820720827055,-0.01089000998777667,0.00037249703440331907,1.0
-0.01631152586916329,-0.009878952110826341,-0.01125710892629976,-0.008307281052725704,-0.009775909678571892,-0.012422055031595824,-0.011419219189355873,-0.005976593197663279,-0.0025221262829404623,-0.015144275838723846,-0.011956719301052016,-0.007064372407158362,0.005151446322008368,-0.013680561142976303,-0.011108023673500353,-0.0028735052301676984,1.0
-0.021007933162985992,-0.009573091905472645,-0.009148657327959988,-0.007710135412642223,-0.01631152586916329,-0.009878952110826341,-0.01125710892629976,-0.008307281052725704,-0.009775909678571892,-0.012422055031595824,-0.011419219189355873,-0.005976593197663279,-0.0025221262829404623,-0.015144275838723846,-0.011956719301052016,-0.007064372407158362,1.0
-0.03108900916121371,-0.00663684060407539,-0.009564276445292152,-0.004341082878382593,-0.021007933162985992,-0.009573091905472645,-0.009148657327959988,-0.007710135412642223,-0.01631152586916329,-0.009878952110826341,-0.01125710892629976,-0.008307281052725704,-0.009775909678571892,-0.012422055031595824,-0.011419219189355873,-0.005976593197663279,1.0
-0.028191886937609212,-0.0003469986753712495,-0.011679398018978888,-0.004345740970193308,-0.03108900916121371,-0.00663684060407539,-0.009564276445292152,-0.004341082878382593,-0.021007933162985992,-0.009573091905472645,-0.009148657327959988,-0.007710135412642223,-0.01631152586916329,-0.009878952110826341,-0.01125710892629976,-0.008307281052725704,1.0
-0.030711894975134157,0.00032576929073986437,-0.009040546900229235,0.0007068557116474013,-0.028191886937609212,-0.0003469986753712495,-0.011679398018978888,-0.004345740970193308,-0.03108900916121371,-0.00663684060407539,-0.009564276445292152,-0.004341082878382593,-0.021007933162985992,-0.009573091905472645,-0.009148657327959988,-0.007710135412642223,1.0
-0.03470701020649081,0.003176635345482489,-0.009639178601860676,0.004710440250215022,-0.030711894975134157,0.00032576929073986437,-0.009040546900229235,0.0007068557116474013,-0.028191886937609212,-0.0003469986753712495,-0.011679398018978888,-0.004345740970193308,-0.03108900916121371,-0.00663684060407539,-0.009564276445292152,-0.004341082878382593,1.0
0.010040939035853569,0.005153275358667099,-0.012798045993311967,0.0032336170651593352,-0.03470701020649081,0.003176635345482489,-0.009639178601860676,0.004710440250215022,-0.030711894975134157,0.00032576929073986437,-0.009040546900229235,0.0007068557116474013,-0.028191886937609212,-0.0003469986753712495,-0.011679398018978888,-0.004345740970193308,1.0
0.00500690118786018,0.003647708666261583,-0.01214751604920773,0.002482500212010236,0.010040939035853569,0.005153275358667099,-0.012798045993311967,0.0032336170651593352,-0.03470701020649081,0.003176635345482489,-0.009639178601860676,0.004710440250215022,-0.030711894975134157,0.00032576929073986437,-0.009040546900229235,0.0007068557116474013,1.0
0.009530850091859833,0.004037195583066155,-0.01499039713751206,0.0031838122185834723,0.00500690118786018,0.003647708666261583,-0.01214751604920773,0.002482500212010236,0.010040939035853569,0.005153275358667099,-0.012798045993311967,0.0032336170651593352,-0.03470701020649081,0.003176635345482489,-0.009639178601860676,0.004710440250215022,1.0
0.0070534925505825186,0.004214326430000775,-0.015415124794806789,-0.0006561337841389092,0.009530850091859833,0.004037195583066155,-0.01499039713751206,0.0031838122185834723,0.00500690118786018,0.003647708666261583,-0.01214751604920773,0.002482500212010236,0.010040939035853569,0.005153275358667099,-0.012798045993311967,0.0032336170651593352,1.0
0.017241862391781382,0.006601882659920134,-0.015070401519317309,-0.008395974095898014,0.0070534925505825186,0.004214326430000775,-0.015415124794806789,-0.0006561337841389092,0.009530850091859833,0.004037195583066155,-0.01499039713751206,0.0031838122185834723,0.00500690118786018,0.003647708666261583,-0.01214751604920773,0.002482500212010236,1.0
0.020002108948444786,0.005746242761023148,-0.012475085578605561,-0.010943202051850284,0.017241862391781382,0.006601882659920134,-0.015070401519317309,-0.008395974095898014,0.0070534925505825186,0.004214326430000775,-0.015415124794806789,-0.0006561337841389092,0.009530850091859833,0.004037195583066155,-0.01499039713751206,0.0031838122185834723,1.0
0.01740199696719813,0.012341170436113174,-0.010863324173158287,-0.011947963134914735,0.020002108948444786,0.005746242761023148,-0.012475085578605561,-0.010943202051850284,0.017241862391781382,0.006601882659920134,-0.015070401519317309,-0.008395974095898014,0.0070534925505825186,0.004214326430000775,-0.015415124794806789,-0.0006561337841389092,1.0
0.02362961565330224,0.018848460404870856,-0.008416283959387398,-0.0062771892401118174,0.01740199696719813,0.012341170436113174,-0.010863324173158287,-0.011947963134914735,0.020002108948444786,0.005746242761023148,-0.012475085578605561,-0.010943202051850284,0.017241862391781382,0.006601882659920134,-0.015070401519317309,-0.008395974095898014,1.0
0.02027383012495676,0.023694077346677254,-0.004791672946846547,-0.004778241406613813,0.02362961565330224,0.018848460404870856,-0.008416283959387398,-0.0062771892401118174,0.01740199696719813,0.012341170436113174,-0.010863324173158287,-0.011947963134914735,0.020002108948444786,0.005746242761023148,-0.012475085578605561,-0.010943202051850284,1.0
0.018953884952257027,0.027060587470672918,-0.004950277970070778,-0.0034689429201693045,0.02027383012495676,0.023694077346677254,-0.004791672946846547,-0.004778241406613813,0.02362961565330224,0.018848460404870856,-0.008416283959387398,-0.0062771892401118174,0.01740199696719813,0.012341170436113174,-0.010863324173158287,-0.011947963134914735,1.0
0.02331972916980085,0.025232098754173725,-0.0018586677849640576,0.004841846644780448,0.018953884952257027,0.027060587470672918,-0.004950277970070778,-0.0034689429201693045,0.02027383012495676,0.023694077346677254,-0.004791672946846547,-0.004778241406613813,0.02362961565330224,0.018848460404870856,-0.008416283959387398,-0.0062771892401118174,1.0
0.024186772003302437,0.02361492030908365,-0.0007019634174672671,0.011659222734436432,0.02331972916980085,0.025232098754173725,-0.0018586677849640576,0.004841846644780448,0.018953884952257027,0.027060587470672918,-0.004950277970070778,-0.0034689429201693045,0.02027383012495676,0.023694077346677254,-0.004791672946846547,-0.004778241406613813,1.0
0.019804489088821597,0.023969865459905447,-0.0006862427328424952,0.00726437711564642,0.024186772003302437,0.02361492030908365,-0.0007019634174672671,0.011659222734436432,0.02331972916980085,0.025232098754173725,-0.0018586677849640576,0.004841846644780448,0.018953884952257027,0.027060587470672918,-0.004950277970070778,-0.0034689429201693045,1.0
0.019333412801989525,0.02065346405824766,0.004609709686599402,0.0074098871556175176,0.019804489088821597,0.023969865459905447,-0.0006862427328424952,0.00726437711564642,0.024186772003302437,0.02361492030908365,-0.0007019634174672671,0.011659222734436432,0.02331972916980085,0.025232098754173725,-0.0018586677849640576,0.004841846644780448,1.0
0.009107102855887561,0.016294772534919302,0.0005488351813372425,0.002974271025511249,0.019333412801989525,0.02065346405824766,0.004609709686599402,0.0074098871556175176,0.019804489088821597,0.023969865459905447,-0.0006862427328424952,0.00726437711564642,0.024186772003302437,0.02361492030908365,-0.0007019634174672671,0.011659222734436432,1.0
-0.007846215057540462,0.01314632608147234,-0.004069555043462289,-0.009255175216103773,0.009107102855887561,0.016294772534919302,0.0005488351813372425,0.002974271025511249,0.019333412801989525,0.02065346405824766,0.004609709686599402,0.0074098871556175176,0.019804489088821597,0.023969865459905447,-0.0006862427328424952,0.00726437711564642,1.0
-0.018724692574455304,0.010223717074019045,-0.003794885216796686,-0.012672105994040624,-0.007846215057540462,0.01314632608147234,-0.004069555043462289,-0.009255175216103773,0.009107102855887561,0.016294772534919302,0.0005488351813372425,0.002974271025511249,0.019333412801989525,0.02065346405824766,0.004609709686599402,0.0074098871556175176,1.0
-0.033466532552312245,0.011775267353287126,-0.006926086424226803,-0.00484965920244066,-0.018724692574455304,0.010223717074019045,-0.003794885216796686,-0.012672105994040624,-0.007846215057540462,0.01314632608147234,-0.004069555043462289,-0.009255175216103773,0.009107102855887561,0.016294772534919302,0.0005488351813372425,0.002974271025511249,1.0
-0.04126658740580247,0.00994950290265624,-0.005411735112821983,-0.004449897769941181,-0.033466532552312245,0.011775267353287126,-0.006926086424226803,-0.00484965920244066,-0.018724692574455304,0.010223717074019045,-0.003794885216796686,-0.012672105994040624,-0.007846215057540462,0.01314632608147234,-0.004069555043462289,-0.009255175216103773,1.0
-0.04378805531156793,0.007509975385307515,-0.0007722973293806379,-0.004206428974676909,-0.04126658740580247,0.00994950290265624,-0.005411735112821983,-0.004449897769941181,-0.033466532552312245,0.011775267353287126,-0.006926086424226803,-0.00484965920244066,-0.018724692574455304,0.010223717074019045,-0.003794885216796686,-0.012672105994040624,1.0
-0.037161567335521895,0.002828512723742168,0.0029832356927785133,-0.003149540818105809,-0.04378805531156793,0.007509975385307515,-0.0007722973293806379,-0.004206428974676909,-0.04126658740580247,0.00994950290265624,-0.005411735112821983,-0.004449897769941181,-0.033466532552312245,0.011775267353287126,-0.006926086424226803,-0.00484965920244066,1.0
-0.02932212922621602,0.0009563358462084691,-0.0025390266501699337,-0.012321850615665724,-0.037161567335521895,0.002828512723742168,0.0029832356927785133,-0.003149540818105809,-0.04378805531156793,0.007509975385307515,-0.0007722973293806379,-0.004206428974676909,-0.04126658740580247,0.00994950290265624,-0.005411735112821983,-0.004449897769941181,1.0
-0.02758394690691013,0.005731698917960547,-0.0023912337108231985,-0.01420852932930376,-0.02932212922621602,0.0009563358462084691,-0.0025390266501699337,-0.012321850615665724,-0.037161567335521895,0.002828512723742168,0.0029832356927785133,-0.003149540818105809,-0.04378805531156793,0.007509975385307515,-0.0007722973293806379,-0.004206428974676909,1.0
-0.020374197947582218,0.009008910374800344,-0.00358372391182895,-0.015362199818849332,-0.02758394690691013,0.005731698917960547,-0.0023912337108231985,-0.01420852932930376,-0.02932212922621602,0.0009563358462084691,-0.0025390266501699337,-0.012321850615665724,-0.037161567335521895,0.002828512723742168,0.0029832356927785133,-0.003149540818105809,1.0
-0.0203926491639006,0.011455179839624458,-0.006678250464087654,-0.013857641723118904,-0.020374197947582218,0.009008910374800344,-0.00358372391182895,-0.015362199818849332,-0.02758394690691013,0.005731698917960547,-0.0023912337108231985,-0.01420852932930376,-0.02932212922621602,0.0009563358462084691,-0.0025390266501699337,-0.012321850615665724,1.0
-0.022527163965250452,0.012434035194309634,0.0008655635089038012,-0.01233855701568941,-0.0203926491639006,0.011455179839624458,-0.006678250464087654,-0.013857641723118904,-0.020374197947582218,0.009008910374800344,-0.00358372391182895,-0.015362199818849332,-0.02758394690691013,0.005731698917960547,-0.0023912337108231985,-0.01420852932930376,1.0
-0.018603480521377946,0.011016190505817485,0.0012839131810236817,-0.014797867856839987,-0.022527163965250452,0.012434035194309634,0.0008655635089038012,-0.01233855701568941,-0.0203926491639006,0.011455179839624458,-0.006678250464087654,-0.013857641723118904,-0.020374197947582218,0.009008910374800344,-0.00358372391182895,-0.015362199818849332,1.0
-0.015032342129472909,0.011527843885385261,0.0043609932105897154,-0.012276763071171358,-0.018603480521377946,0.011016190505817485,0.0012839131810236817,-0.014797867856839987,-0.022527163965250452,0.012434035194309634,0.0008655635089038012,-0.01233855701568941,-0.0203926491639006,0.011455179839624458,-0.006678250464087654,-0.013857641723118904,1.0
-0.010549685225944572,0.012679338666420095,0.0025700682040244206,-0.010468206824211993,-0.015032342129472909,0.011527843885385261,0.0043609932105897154,-0.012276763071171358,-0.018603480521377946,0.011016190505817485,0.0012839131810236817,-0.014797867856839987,-0.022527163965250452,0.012434035194309634,0.0008655635089038012,-0.01233855701568941,1.0
-0.0039484951745727415,0.015169529586953065,0.0025228607114201464,-0.011192084328865067,-0.010549685225944572,0.012679338666420095,0.0025700682040244206,-0.010468206824211993,-0.015032342129472909,0.011527843885385261,0.0043609932105897154,-0.012276763071171358,-0.018603480521377946,0.011016190505817485,0.0012839131810236817,-0.014797867856839987,1.0
0.005915279182609368,0.018764904579278083,0.007369534035934221,-0.007094234151677809,-0.0039484951745727415,0.015169529586953065,0.0025228607114201464,-0.011192084328865067,-0.010549685225944572,0.012679338666420095,0.0025700682040244206,-0.010468206824211993,-0.015032342129472909,0.011527843885385261,0.0043609932105897154,-0.012276763071171358,1.0
0.012958648239862924,0.021257397806000077,0.006876898837537162,4.104758683818362e-05,0.005915279182609368,0.018764904579278083,0.007369534035934221,-0.007094234151677809,-0.0039484951745727415,0.015169529586953065,0.0025228607114201464,-0.011192084328865067,-0.010549685225944572,0.012679338666420095,0.0025700682040244206,-0.010468206824211993,1.0
0.02094718628263159,0.026315688518146703,0.00789927144458586,0.0012925200547265724,0.012958648239862924,0.021257397806000077,0.006876898837537162,4.104758683818362e-05,0.005915279182609368,0.018764904579278083,0.007369534035934221,-0.007094234151677809,-0.0039484951745727415,0.015169529586953065,0.0025228607114201464,-0.011192084328865067,1.0
0.02650475312016276,0.03056220989096122,0.010655490565646577,0.004550581739689564,0.02094718628263159,0.026315688518146703,0.00789927144458586,0.0012925200547265724,0.012958648239862924,0.021257397806000077,0.006876898837537162,4.104758683818362e-05,0.005915279182609368,0.018764904579278083,0.007369534035934221,-0.007094234151677809,1.0
0.004917547918688925,0.03048670959958413,0.00832865360283327,0.009868033467685888,0.02650475312016276,0.03056220989096122,0.010655490565646577,0.004550581739689564,0.02094718628263159,0.026315688518146703,0.00789927144458586,0.0012925200547265724,0.012958648239862924,0.021257397806000077,0.006876898837537162,4.104758683818362e-05,1.0
0.019995865771042176,0.035528291850641686,0.004302523778810798,0.003534446605985399,0.004917547918688925,0.03048670959958413,0.00832865360283327,0.009868033467685888,0.02650475312016276,0.03056220989096122,0.010655490565646577,0.004550581739689564,0.02094718628263159,0.026315688518146703,0.00789927144458586,0.0012925200547265724,1.0
0.03311401495788324,0.03767454794930674,0.005469573144781184,0.0026098777958856074,0.019995865771042176,0.035528291850641686,0.004302523778810798,0.003534446605985399,0.004917547918688925,0.03048670959958413,0.00832865360283327,0.009868033467685888,0.02650475312016276,0.03056220989096122,0.010655490565646577,0.004550581739689564,1.0
0.04921415915482896,0.03920294486600784,0.0061004396926927894,0.0021294081554508577,0.03311401495788324,0.03767454794930674,0.005469573144781184,0.0026098777958856074,0.019995865771042176,0.035528291850641686,0.004302523778810798,0.003534446605985399,0.004917547918688925,0.03048670959958413,0.00832865360283327,0.009868033467685888,1.0
0.05123530206412319,0.04098360262272101,0.0048280171637318575,-0.00040343267797731606,0.04921415915482896,0.03920294486600784,0.0061004396926927894,0.0021294081554508577,0.03311401495788324,0.03767454794930674,0.005469573144781184,0.0026098777958856074,0.019995865771042176,0.035528291850641686,0.004302523778810798,0.003534446605985399,1.0
0.05786693830133238,0.04361376897947739,0.014823277034041052,0.019042823580653425,0.05123530206412319,0.04098360262272101,0.0048280171637318575,-0.00040343267797731606,0.04921415915482896,0.03920294486600784,0.0061004396926927894,0.0021294081554508577,0.03311401495788324,0.03767454794930674,0.005469573144781184,0.0026098777958856074,1.0
0.05812687382083581,0.0409661201463596,0.018593332196488427,0.025432217677143553,0.05786693830133238,0.04361376897947739,0.014823277034041052,0.019042823580653425,0.05123530206412319,0.04098360262272101,0.0048280171637318575,-0.00040343267797731606,0.04921415915482896,0.03920294486600784,0.0061004396926927894,0.0021294081554508577,1.0
0.04897202867517869,0.03593302646843417,0.02196831870881189,0.03554023000584279,0.05812687382083581,0.0409661201463596,0.018593332196488427,0.025432217677143553,0.05786693830133238,0.04361376897947739,0.014823277034041052,0.019042823580653425,0.05123530206412319,0.04098360262272101,0.0048280171637318575,-0.00040343267797731606,1.0
0.038304625897051636,0.02587910324993317,0.029194336888581127,0.044273453004716114,0.04897202867517869,0.03593302646843417,0.02196831870881189,0.03554023000584279,0.05812687382083581,0.0409661201463596,0.018593332196488427,0.025432217677143553,0.05786693830133238,0.04361376897947739,0.014823277034041052,0.019042823580653425,1.0
0.05632907248712549,0.003224790680182303,0.010481566945929957,0.02668014139493756,0.038304625897051636,0.02587910324993317,0.029194336888581127,0.044273453004716114,0.04897202867517869,0.03593302646843417,0.02196831870881189,0.03554023000584279,0.05812687382083581,0.0409661201463596,0.018593332196488427,0.025432217677143553,1.0
0.01842340119115704,-0.02392367413533572,-0.0013150047313743184,-0.0018461067087895704,0.05632907248712549,0.003224790680182303,0.010481566945929957,0.02668014139493756,0.038304625897051636,0.02587910324993317,0.029194336888581127,0.044273453004716114,0.04897202867517869,0.03593302646843417,0.02196831870881189,0.03554023000584279,1.0
0.01445335642254797,-0.028913642932555023,-0.009544087649201864,-0.008380709348228505,0.01842340119115704,-0.02392367413533572,-0.0013150047313743184,-0.0018461067087895704,0.05632907248712549,0.003224790680182303,0.010481566945929957,0.02668014139493756,0.038304625897051636,0.02587910324993317,0.029194336888581127,0.044273453004716114,1.0
0.008968681519801791,-0.029442122449915207,-0.015783766759182753,-0.011392837216644709,0.01445335642254797,-0.028913642932555023,-0.009544087649201864,-0.008380709348228505,0.01842340119115704,-0.02392367413533572,-0.0013150047313743184,-0.0018461067087895704,0.05632907248712549,0.003224790680182303,0.010481566945929957,0.02668014139493756,1.0
-0.0012426945230945563,-0.026810173696768698,-0.004526798691803076,-0.014884240499791574,0.008968681519801791,-0.029442122449915207,-0.015783766759182753,-0.011392837216644709,0.01445335642254797,-0.028913642932555023,-0.009544087649201864,-0.008380709348228505,0.01842340119115704,-0.02392367413533572,-0.0013150047313743184,-0.0018461067087895704,1.0
-0.008573594802413709,-0.022571920665122563,0.004493790676804858,-0.019158732330062524,-0.0012426945230945563,-0.026810173696768698,-0.004526798691803076,-0.014884240499791574,0.008968681519801791,-0.029442122449915207,-0.015783766759182753,-0.011392837216644709,0.01445335642254797,-0.028913642932555023,-0.009544087649201864,-0.008380709348228505,1.0
-0.025125708004933855,-0.015730872502842982,0.004759872099143345,-0.022180835184618462,-0.008573594802413709,-0.022571920665122563,0.004493790676804858,-0.019158732330062524,-0.0012426945230945563,-0.026810173696768698,-0.004526798691803076,-0.014884240499791574,0.008968681519801791,-0.029442122449915207,-0.015783766759182753,-0.011392837216644709,1.0
-0.028621392243019628,-0.013498022076235187,0.003146380672856832,-0.022120059049479505,-0.025125708004933855,-0.015730872502842982,0.004759872099143345,-0.022180835184618462,-0.008573594802413709,-0.022571920665122563,0.004493790676804858,-0.019158732330062524,-0.0012426945230945563,-0.026810173696768698,-0.004526798691803076,-0.014884240499791574,1.0
-0.027215925540064134,-0.011117250132947579,0.006497819319549073,-0.01891081839739863,-0.028621392243019628,-0.013498022076235187,0.003146380672856832,-0.022120059049479505,-0.025125708004933855,-0.015730872502842982,0.004759872099143345,-0.022180835184618462,-0.008573594802413709,-0.022571920665122563,0.004493790676804858,-0.019158732330062524,1.0
-0.032283779945601054,-0.009910894220218108,0.011259762921760699,-0.014230045603561111,-0.027215925540064134,-0.011117250132947579,0.006497819319549073,-0.01891081839739863,-0.028621392243019628,-0.013498022076235187,0.003146380672856832,-0.022120059049479505,-0.025125708004933855,-0.015730872502842982,0.004759872099143345,-0.022180835184618462,1.0
-0.0264232403263982,-0.011467886660821144,0.015793678363630183,-0.007117976899604691,-0.032283779945601054,-0.009910894220218108,0.011259762921760699,-0.014230045603561111,-0.027215925540064134,-0.011117250132947579,0.006497819319549073,-0.01891081839739863,-0.028621392243019628,-0.013498022076235187,0.003146380672856832,-0.022120059049479505,1.0
-0.0291762323664706,-0.010230693192779207,0.017318276525099614,-0.005291089301636673,-0.0264232403263982,-0.011467886660821144,0.015793678363630183,-0.007117976899604691,-0.032283779945601054,-0.009910894220218108,0.011259762921760699,-0.014230045603561111,-0.027215925540064134,-0.011117250132947579,0.006497819319549073,-0.01891081839739863,1.0
-0.032695045135529455,-0.011938171609934758,0.015270404594666663,-0.005287088737635293,-0.0291762323664706,-0.010230693192779207,0.017318276525099614,-0.005291089301636673,-0.0264232403263982,-0.011467886660821144,0.015793678363630183,-0.007117976899604691,-0.032283779945601054,-0.009910894220218108,0.011259762921760699,-0.014230045603561111,1.0
-0.0315638474866482,-0.010314404350925063,0.01172982126476558,-0.004109313545644609,-0.032695045135529455,-0.011938171609934758,0.015270404594666663,-0.005287088737635293,-0.0291762323664706,-0.010230693192779207,0.017318276525099614,-0.005291089301636673,-0.0264232403263982,-0.011467886660821144,0.015793678363630183,-0.007117976899604691,1.0
-0.03531840756974347,-0.013492438185172881,0.006619033159293541,-0.00422527196995613,-0.0315638474866482,-0.010314404350925063,0.01172982126476558,-0.004109313545644609,-0.032695045135529455,-0.011938171609934758,0.015270404594666663,-0.005287088737635293,-0.0291762323664706,-0.010230693192779207,0.017318276525099614,-0.005291089301636673,1.0
-0.03350832598120057,-0.015277933292836079,0.005788126422936333,-0.007089679256116651,-0.03531840756974347,-0.013492438185172881,0.006619033159293541,-0.00422527196995613,-0.0315638474866482,-0.010314404350925063,0.01172982126476558,-0.004109313545644609,-0.032695045135529455,-0.011938171609934758,0.015270404594666663,-0.005287088737635293,1.0
-0.0370356618948513,-0.02011198532340463,0.006201839715096712,-0.0038916771632046075,-0.03350832598120057,-0.015277933292836079,0.005788126422936333,-0.007089679256116651,-0.03531840756974347,-0.013492438185172881,0.006619033159293541,-0.00422527196995613,-0.0315638474866482,-0.010314404350925063,0.01172982126476558,-0.004109313545644609,1.0
-0.03770389899205995,-0.020235828463050533,0.003204464838813318,-0.002470144254362326,-0.0370356618948513,-0.02011198532340463,0.006201839715096712,-0.0038916771632046075,-0.03350832598120057,-0.015277933292836079,0.005788126422936333,-0.007089679256116651,-0.03531840756974347,-0.013492438185172881,0.006619033159293541,-0.00422527196995613,1.0
-0.034383938603157915,-0.018024919431753907,0.0022262434185866,-0.00315517821590869,-0.03770389899205995,-0.020235828463050533,0.003204464838813318,-0.002470144254362326,-0.0370356618948513,-0.02011198532340463,0.006201839715096712,-0.0038916771632046075,-0.03350832598120057,-0.015277933292836079,0.005788126422936333,-0.007089679256116651,1.0
-0.03532192667630696,-0.01531442636192004,0.004175477277444315,-0.0007540837006556157,-0.034383938603157915,-0.018024919431753907,0.0022262434185866,-0.00315517821590869,-0.03770389899205995,-0.020235828463050533,0.003204464838813318,-0.002470144254362326,-0.0370356618948513,-0.02011198532340463,0.006201839715096712,-0.0038916771632046075,1.0
-0.02833692237841312,-0.014819153270466692,0.0008258517382241598,0.0025987094735358545,-0.03532192667630696,-0.01531442636192004,0.004175477277444315,-0.0007540837006556157,-0.034383938603157915,-0.018024919431753907,0.0022262434185866,-0.00315517821590869,-0.03770389899205995,-0.020235828463050533,0.003204464838813318,-0.002470144254362326,1.0
-0.020266889687521328,-0.013822674597163529,0.00018383957181315335,0.009999347362558187,-0.02833692237841312,-0.014819153270466692,0.0008258517382241598,0.0025987094735358545,-0.03532192667630696,-0.01531442636192004,0.004175477277444315,-0.0007540837006556157,-0.034383938603157915,-0.018024919431753907,0.0022262434185866,-0.00315517821590869,1.0
-0.022644414497325016,-0.012731630412098205,0.002512446232903124,0.007219804630721328,-0.020266889687521328,-0.013822674597163529,0.00018383957181315335,0.009999347362558187,-0.02833692237841312,-0.014819153270466692,0.0008258517382241598,0.0025987094735358545,-0.03532192667630696,-0.01531442636192004,0.004175477277444315,-0.0007540837006556157,1.0
-0.014598330344815835,-0.008993126698655514,0.0002271851992019051,0.007310013271872295,-0.022644414497325016,-0.012731630412098205,0.002512446232903124,0.007219804630721328,-0.020266889687521328,-0.013822674597163529,0.00018383957181315335,0.009999347362558187,-0.02833692237841312,-0.014819153270466692,0.0008258517382241598,0.0025987094735358545,1.0
-0.012564241790666841,-0.00689539368128404,-0.0033795776786194436,0.007020553954643722,-0.014598330344815835,-0.008993126698655514,0.0002271851992019051,0.007310013271872295,-0.022644414497325016,-0.012731630412098205,0.002512446232903124,0.007219804630721328,-0.020266889687521328,-0.013822674597163529,0.00018383957181315335,0.009999347362558187,1.0
-0.01308849200074036,-0.00486045934176937,-0.010193487290485952,0.005036778455672843,-0.012564241790666841,-0.00689539368128404,-0.0033795776786194436,0.007020553954643722,-0.014598330344815835,-0.008993126698655514,0.0002271851992019051,0.007310013271872295,-0.022644414497325016,-0.012731630412098205,0.002512446232903124,0.007219804630721328,1.0
-0.006414304353718592,-0.003281404088963751,-0.0085183489795917,0.005875748024549097,-0.01308849200074036,-0.00486045934176937,-0.010193487290485952,0.005036778455672843,-0.012564241790666841,-0.00689539368128404,-0.0033795776786194436,0.007020553954643722,-0.014598330344815835,-0.008993126698655514,0.0002271851992019051,0.007310013271872295,1.0
-0.0032797814885601184,-0.0022210733646517533,-0.009201039464370548,0.004342117387117519,-0.006414304353718592,-0.003281404088963751,-0.0085183489795917,0.005875748024549097,-0.01308849200074036,-0.00486045934176937,-0.010193487290485952,0.005036778455672843,-0.012564241790666841,-0.00689539368128404,-0.0033795776786194436,0.007020553954643722,1.0
-0.00027845390033043316,-0.0031895149894656805,-0.008593766278308563,0.0006349067730460775,-0.0032797814885601184,-0.0022210733646517533,-0.009201039464370548,0.004342117387117519,-0.006414304353718592,-0.003281404088963751,-0.0085183489795917,0.005875748024549097,-0.01308849200074036,-0.00486045934176937,-0.010193487290485952,0.005036778455672843,1.0
0.0340429928350634,-0.0018237075743685527,-0.006826823700926945,-0.0045666179567158014,-0.00027845390033043316,-0.0031895149894656805,-0.008593766278308563,0.0006349067730460775,-0.0032797814885601184,-0.0022210733646517533,-0.009201039464370548,0.004342117387117519,-0.006414304353718592,-0.003281404088963751,-0.0085183489795917,0.005875748024549097,1.0
0.043464015796530475,-0.002526813631681945,-0.007466523671756889,-0.001871976586367215,0.0340429928350634,-0.0018237075743685527,-0.006826823700926945,-0.0045666179567158014,-0.00027845390033043316,-0.0031895149894656805,-0.008593766278308563,0.0006349067730460775,-0.0032797814885601184,-0.0022210733646517533,-0.009201039464370548,0.004342117387117519,1.0
0.04683216546438196,-0.0026840682644638796,-0.00562498085511061,-0.0018311576520564244,0.043464015796530475,-0.002526813631681945,-0.007466523671756889,-0.001871976586367215,0.0340429928350634,-0.0018237075743685527,-0.006826823700926945,-0.0045666179567158014,-0.00027845390033043316,-0.0031895149894656805,-0.008593766278308563,0.0006349067730460775,1.0
0.0498937903114296,-0.0004850559564908141,-0.0013929063260758887,-0.0011133181052131692,0.04683216546438196,-0.0026840682644638796,-0.00562498085511061,-0.0018311576520564244,0.043464015796530475,-0.002526813631681945,-0.007466523671756889,-0.001871976586367215,0.0340429928350634,-0.0018237075743685527,-0.006826823700926945,-0.0045666179567158014,1.0
0.052378106904848565,0.0019087164553131463,0.003930846621617612,0.0005692722016079025,0.0498937903114296,-0.0004850559564908141,-0.0013929063260758887,-0.0011133181052131692,0.04683216546438196,-0.0026840682644638796,-0.00562498085511061,-0.0018311576520564244,0.043464015796530475,-0.002526813631681945,-0.007466523671756889,-0.001871976586367215,1.0
0.05035779902376447,0.004141824175179881,0.0012339855414031297,-0.0016710953084143338,0.052378106904848565,0.0019087164553131463,0.003930846621617612,0.0005692722016079025,0.0498937903114296,-0.0004850559564908141,-0.0013929063260758887,-0.0011133181052131692,0.04683216546438196,-0.0026840682644638796,-0.00562498085511061,-0.0018311576520564244,1.0
0.04527436905919302,0.005653707363195898,0.0009278082789215537,-0.002362483731000367,0.05035779902376447,0.004141824175179881,0.0012339855414031297,-0.0016710953084143338,0.052378106904848565,0.0019087164553131463,0.003930846621617612,0.0005692722016079025,0.0498937903114296,-0.0004850559564908141,-0.0013929063260758887,-0.0011133181052131692,1.0
0.035154392544672675,0.006684228211535152,0.0006402597310573585,0.0007039391522045158,0.04527436905919302,0.005653707363195898,0.0009278082789215537,-0.002362483731000367,0.05035779902376447,0.004141824175179881,0.0012339855414031297,-0.0016710953084143338,0.052378106904848565,0.0019087164553131463,0.003930846621617612,0.0005692722016079025,1.0
0.03316118739112284,0.004834497041515735,4.968224525318674e-05,0.006283557442424159,0.035154392544672675,0.006684228211535152,0.0006402597310573585,0.0007039391522045158,0.04527436905919302,0.005653707363195898,0.0009278082789215537,-0.002362483731000367,0.05035779902376447,0.004141824175179881,0.0012339855414031297,-0.0016710953084143338,1.0
0.02393637850605579,0.0055679829352830055,0.0023520693857454534,0.007561574209034707,0.03316118739112284,0.004834497041515735,4.968224525318674e-05,0.006283557442424159,0.035154392544672675,0.006684228211535152,0.0006402597310573585,0.0007039391522045158,0.04527436905919302,0.005653707363195898,0.0009278082789215537,-0.002362483731000367,1.0
0.015033069327495596,0.0021728700868311086,0.0038931987089143244,0.010970248778264484,0.02393637850605579,0.0055679829352830055,0.0023520693857454534,0.007561574209034707,0.03316118739112284,0.004834497041515735,4.968224525318674e-05,0.006283557442424159,0.035154392544672675,0.006684228211535152,0.0006402597310573585,0.0007039391522045158,1.0
