CT_1,Y_1_star,P_1_star,RR_1_star,CT_2,Y_2_star,P_2_star,RR_2_star,CT_3,Y_3_star,P_3_star,RR_3_star,CT_4,Y_4_star,P_4_star,RR_4_star,cons
-0.006848371331772185,-0.013680561142976303,-0.011108023673500353,-0.0028735052301676984,-0.005780425243951726,-0.01192820720827055,-0.01089000998777667,0.00037249703440331907,-0.0014446503561984514,-0.013442110305153214,-0.009806663472952245,0.002400071872593459,-0.006703223035263051,-0.012779125896134218,-0.010066457643382673,0.002288801854654431,1.0
-0.007950743023165785,-0.015144275838723846,-0.011956719301052016,-0.007064372407158362,-0.006848371331772185,-0.013680561142976303,-0.011108023673500353,-0.0028735052301676984,-0.005780425243951726,-0.01192820720827055,-0.01089000998777667,0.00037249703440331907,-0.0014446503561984514,-0.013442110305153214,-0.009806663472952245,0.002400071872593459,1.0
0.0006625537110043211,-0.012422055031595824,-0.011419219189355873,-0.005976593197663279,-0.007950743023165785,-0.015144275838723846,-0.011956719301052016,-0.007064372407158362,-0.006848371331772185,-0.013680561142976303,-0.011108023673500353,-0.0028735052301676984,-0.005780425243951726,-0.01192820720827055,-0.01089000998777667,0.00037249703440331907,1.0
-0.006731690823885472,-0.009878952110826341,-0.01125710892629976,-0.008307281052725704,0.0006625537110043211,-0.012422055031595824,-0.011419219189355873,-0.005976593197663279,-0.007950743023165785,-0.015144275838723846,-0.011956719301052016,-0.007064372407158362,-0.006848371331772185,-0.013680561142976303,-0.011108023673500353,-0.0028735052301676984,1.0
-0.0067758689272015005,-0.009573091905472645,-0.009148657327959988,-0.007710135412642223,-0.006731690823885472,-0.009878952110826341,-0.01125710892629976,-0.008307281052725704,0.0006625537110043211,-0.012422055031595824,-0.011419219189355873,-0.005976593197663279,-0.007950743023165785,-0.015144275838723846,-0.011956719301052016,-0.007064372407158362,1.0
-0.0037465468525397227,-0.00663684060407539,-0.009564276445292152,-0.004341082878382593,-0.0067758689272015005,-0.009573091905472645,-0.009148657327959988,-0.007710135412642223,-0.006731690823885472,-0.009878952110826341,-0.01125710892629976,-0.008307281052725704,0.0006625537110043211,-0.012422055031595824,-0.011419219189355873,-0.005976593197663279,1.0
0.007261851246747497,-0.0003469986753712495,-0.011679398018978888,-0.004345740970193308,-0.0037465468525397227,-0.00663684060407539,-0.009564276445292152,-0.004341082878382593,-0.0067758689272015005,-0.009573091905472645,-0.009148657327959988,-0.007710135412642223,-0.006731690823885472,-0.009878952110826341,-0.01125710892629976,-0.008307281052725704,1.0
-0.0012736503777812658,0.00032576929073986437,-0.009040546900229235,0.0007068557116474013,0.007261851246747497,-0.0003469986753712495,-0.011679398018978888,-0.004345740970193308,-0.0037465468525397227,-0.00663684060407539,-0.009564276445292152,-0.004341082878382593,-0.0067758689272015005,-0.009573091905472645,-0.009148657327959988,-0.007710135412642223,1.0
-0.008463136341903876,0.003176635345482489,-0.009639178601860676,0.004710440250215022,-0.0012736503777812658,0.00032576929073986437,-0.009040546900229235,0.0007068557116474013,0.007261851246747497,-0.0003469986753712495,-0.011679398018978888,-0.004345740970193308,-0.0037465468525397227,-0.00663684060407539,-0.009564276445292152,-0.004341082878382593,1.0
0.00621418384882233,0.005153275358667099,-0.012798045993311967,0.0032336170651593352,-0.008463136341903876,0.003176635345482489,-0.009639178601860676,0.004710440250215022,-0.0012736503777812658,0.00032576929073986437,-0.009040546900229235,0.0007068557116474013,0.007261851246747497,-0.0003469986753712495,-0.011679398018978888,-0.004345740970193308,1.0
0.0011967340623133538,0.003647708666261583,-0.01214751604920773,0.002482500212010236,0.00621418384882233,0.005153275358667099,-0.012798045993311967,0.0032336170651593352,-0.008463136341903876,0.003176635345482489,-0.009639178601860676,0.004710440250215022,-0.0012736503777812658,0.00032576929073986437,-0.009040546900229235,0.0007068557116474013,1.0
0.016641130642847557,0.004037195583066155,-0.01499039713751206,0.0031838122185834723,0.0011967340623133538,0.003647708666261583,-0.01214751604920773,0.002482500212010236,0.00621418384882233,0.005153275358667099,-0.012798045993311967,0.0032336170651593352,-0.008463136341903876,0.003176635345482489,-0.009639178601860676,0.004710440250215022,1.0
0.03840029371340847,0.004214326430000775,-0.015415124794806789,-0.0006561337841389092,0.016641130642847557,0.004037195583066155,-0.01499039713751206,0.0031838122185834723,0.0011967340623133538,0.003647708666261583,-0.01214751604920773,0.002482500212010236,0.00621418384882233,0.005153275358667099,-0.012798045993311967,0.0032336170651593352,1.0
0.03189634292295018,0.006601882659920134,-0.015070401519317309,-0.008395974095898014,0.03840029371340847,0.004214326430000775,-0.015415124794806789,-0.0006561337841389092,0.016641130642847557,0.004037195583066155,-0.01499039713751206,0.0031838122185834723,0.0011967340623133538,0.003647708666261583,-0.01214751604920773,0.002482500212010236,1.0
0.020571462220994263,0.005746242761023148,-0.012475085578605561,-0.010943202051850284,0.03189634292295018,0.006601882659920134,-0.015070401519317309,-0.008395974095898014,0.03840029371340847,0.004214326430000775,-0.015415124794806789,-0.0006561337841389092,0.016641130642847557,0.004037195583066155,-0.01499039713751206,0.0031838122185834723,1.0
0.017085124305410204,0.012341170436113174,-0.010863324173158287,-0.011947963134914735,0.020571462220994263,0.005746242761023148,-0.012475085578605561,-0.010943202051850284,0.03189634292295018,0.006601882659920134,-0.015070401519317309,-0.008395974095898014,0.03840029371340847,0.004214326430000775,-0.015415124794806789,-0.0006561337841389092,1.0
0.007757401114359297,0.018848460404870856,-0.008416283959387398,-0.0062771892401118174,0.017085124305410204,0.012341170436113174,-0.010863324173158287,-0.011947963134914735,0.020571462220994263,0.005746242761023148,-0.012475085578605561,-0.010943202051850284,0.03189634292295018,0.006601882659920134,-0.015070401519317309,-0.008395974095898014,1.0
0.000613413159229026,0.023694077346677254,-0.004791672946846547,-0.004778241406613813,0.007757401114359297,0.018848460404870856,-0.008416283959387398,-0.0062771892401118174,0.017085124305410204,0.012341170436113174,-0.010863324173158287,-0.011947963134914735,0.020571462220994263,0.005746242761023148,-0.012475085578605561,-0.010943202051850284,1.0
0.0025762798323150093,0.027060587470672918,-0.004950277970070778,-0.0034689429201693045,0.000613413159229026,0.023694077346677254,-0.004791672946846547,-0.004778241406613813,0.007757401114359297,0.018848460404870856,-0.008416283959387398,-0.0062771892401118174,0.017085124305410204,0.012341170436113174,-0.010863324173158287,-0.011947963134914735,1.0
0.005004055632342741,0.025232098754173725,-0.0018586677849640576,0.004841846644780448,0.0025762798323150093,0.027060587470672918,-0.004950277970070778,-0.0034689429201693045,0.000613413159229026,0.023694077346677254,-0.004791672946846547,-0.004778241406613813,0.007757401114359297,0.018848460404870856,-0.008416283959387398,-0.0062771892401118174,1.0
0.029570777471144893,0.02361492030908365,-0.0007019634174672671,0.011659222734436432,0.005004055632342741,0.025232098754173725,-0.0018586677849640576,0.004841846644780448,0.0025762798323150093,0.027060587470672918,-0.004950277970070778,-0.0034689429201693045,0.000613413159229026,0.023694077346677254,-0.004791672946846547,-0.004778241406613813,1.0
0.02096352560086956,0.023969865459905447,-0.0006862427328424952,0.00726437711564642,0.029570777471144893,0.02361492030908365,-0.0007019634174672671,0.011659222734436432,0.005004055632342741,0.025232098754173725,-0.0018586677849640576,0.004841846644780448,0.0025762798323150093,0.027060587470672918,-0.004950277970070778,-0.0034689429201693045,1.0
0.006890787515427377,0.02065346405824766,0.004609709686599402,0.0074098871556175176,0.02096352560086956,0.023969865459905447,-0.0006862427328424952,0.00726437711564642,0.029570777471144893,0.02361492030908365,-0.0007019634174672671,0.011659222734436432,0.005004055632342741,0.025232098754173725,-0.0018586677849640576,0.004841846644780448,1.0
-0.0008661596708297026,0.016294772534919302,0.0005488351813372425,0.002974271025511249,0.006890787515427377,0.02065346405824766,0.004609709686599402,0.0074098871556175176,0.02096352560086956,0.023969865459905447,-0.0006862427328424952,0.00726437711564642,0.029570777471144893,0.02361492030908365,-0.0007019634174672671,0.011659222734436432,1.0
-0.013399837889403798,0.01314632608147234,-0.004069555043462289,-0.009255175216103773,-0.0008661596708297026,0.016294772534919302,0.0005488351813372425,0.002974271025511249,0.006890787515427377,0.02065346405824766,0.004609709686599402,0.0074098871556175176,0.02096352560086956,0.023969865459905447,-0.0006862427328424952,0.00726437711564642,1.0
-0.01891826472173541,0.010223717074019045,-0.003794885216796686,-0.012672105994040624,-0.013399837889403798,0.01314632608147234,-0.004069555043462289,-0.009255175216103773,-0.0008661596708297026,0.016294772534919302,0.0005488351813372425,0.002974271025511249,0.006890787515427377,0.02065346405824766,0.004609709686599402,0.0074098871556175176,1.0
-0.013325514442245279,0.011775267353287126,-0.006926086424226803,-0.00484965920244066,-0.01891826472173541,0.010223717074019045,-0.003794885216796686,-0.012672105994040624,-0.013399837889403798,0.01314632608147234,-0.004069555043462289,-0.009255175216103773,-0.0008661596708297026,0.016294772534919302,0.0005488351813372425,0.002974271025511249,1.0
-0.008408633677435162,0.00994950290265624,-0.005411735112821983,-0.004449897769941181,-0.013325514442245279,0.011775267353287126,-0.006926086424226803,-0.00484965920244066,-0.01891826472173541,0.010223717074019045,-0.003794885216796686,-0.012672105994040624,-0.013399837889403798,0.01314632608147234,-0.004069555043462289,-0.009255175216103773,1.0
-0.01929138817684617,0.007509975385307515,-0.0007722973293806379,-0.004206428974676909,-0.008408633677435162,0.00994950290265624,-0.005411735112821983,-0.004449897769941181,-0.013325514442245279,0.011775267353287126,-0.006926086424226803,-0.00484965920244066,-0.01891826472173541,0.010223717074019045,-0.003794885216796686,-0.012672105994040624,1.0
-0.0331887037262657,0.002828512723742168,0.0029832356927785133,-0.003149540818105809,-0.01929138817684617,0.007509975385307515,-0.0007722973293806379,-0.004206428974676909,-0.008408633677435162,0.00994950290265624,-0.005411735112821983,-0.004449897769941181,-0.013325514442245279,0.011775267353287126,-0.006926086424226803,-0.00484965920244066,1.0
-0.05881879580375582,0.0009563358462084691,-0.0025390266501699337,-0.012321850615665724,-0.0331887037262657,0.002828512723742168,0.0029832356927785133,-0.003149540818105809,-0.01929138817684617,0.007509975385307515,-0.0007722973293806379,-0.004206428974676909,-0.008408633677435162,0.00994950290265624,-0.005411735112821983,-0.004449897769941181,1.0
-0.044024341414216295,0.005731698917960547,-0.0023912337108231985,-0.01420852932930376,-0.05881879580375582,0.0009563358462084691,-0.0025390266501699337,-0.012321850615665724,-0.0331887037262657,0.002828512723742168,0.0029832356927785133,-0.003149540818105809,-0.01929138817684617,0.007509975385307515,-0.0007722973293806379,-0.004206428974676909,1.0
-0.048860526501972146,0.009008910374800344,-0.00358372391182895,-0.015362199818849332,-0.044024341414216295,0.005731698917960547,-0.0023912337108231985,-0.01420852932930376,-0.05881879580375582,0.0009563358462084691,-0.0025390266501699337,-0.012321850615665724,-0.0331887037262657,0.002828512723742168,0.0029832356927785133,-0.003149540818105809,1.0
-0.021844691168553254,0.011455179839624458,-0.006678250464087654,-0.013857641723118904,-0.048860526501972146,0.009008910374800344,-0.00358372391182895,-0.015362199818849332,-0.044024341414216295,0.005731698917960547,-0.0023912337108231985,-0.01420852932930376,-0.05881879580375582,0.0009563358462084691,-0.0025390266501699337,-0.012321850615665724,1.0
-0.03902636880016175,0.012434035194309634,0.0008655635089038012,-0.01233855701568941,-0.021844691168553254,0.011455179839624458,-0.006678250464087654,-0.013857641723118904,-0.048860526501972146,0.009008910374800344,-0.00358372391182895,-0.015362199818849332,-0.044024341414216295,0.005731698917960547,-0.0023912337108231985,-0.01420852932930376,1.0
-0.02979988662014499,0.011016190505817485,0.0012839131810236817,-0.014797867856839987,-0.03902636880016175,0.012434035194309634,0.0008655635089038012,-0.01233855701568941,-0.021844691168553254,0.011455179839624458,-0.006678250464087654,-0.013857641723118904,-0.048860526501972146,0.009008910374800344,-0.00358372391182895,-0.015362199818849332,1.0
-0.030323666017054052,0.011527843885385261,0.0043609932105897154,-0.012276763071171358,-0.02979988662014499,0.011016190505817485,0.0012839131810236817,-0.014797867856839987,-0.03902636880016175,0.012434035194309634,0.0008655635089038012,-0.01233855701568941,-0.021844691168553254,0.011455179839624458,-0.006678250464087654,-0.013857641723118904,1.0
-0.023696050900817056,0.012679338666420095,0.0025700682040244206,-0.010468206824211993,-0.030323666017054052,0.011527843885385261,0.0043609932105897154,-0.012276763071171358,-0.02979988662014499,0.011016190505817485,0.0012839131810236817,-0.014797867856839987,-0.03902636880016175,0.012434035194309634,0.0008655635089038012,-0.01233855701568941,1.0
-0.0003295271079597484,0.015169529586953065,0.0025228607114201464,-0.011192084328865067,-0.023696050900817056,0.012679338666420095,0.0025700682040244206,-0.010468206824211993,-0.030323666017054052,0.011527843885385261,0.0043609932105897154,-0.012276763071171358,-0.02979988662014499,0.011016190505817485,0.0012839131810236817,-0.014797867856839987,1.0
0.004881860314409181,0.018764904579278083,0.007369534035934221,-0.007094234151677809,-0.0003295271079597484,0.015169529586953065,0.0025228607114201464,-0.011192084328865067,-0.023696050900817056,0.012679338666420095,0.0025700682040244206,-0.010468206824211993,-0.030323666017054052,0.011527843885385261,0.0043609932105897154,-0.012276763071171358,1.0
0.0034238821951113607,0.021257397806000077,0.006876898837537162,4.104758683818362e-05,0.004881860314409181,0.018764904579278083,0.007369534035934221,-0.007094234151677809,-0.0003295271079597484,0.015169529586953065,0.0025228607114201464,-0.011192084328865067,-0.023696050900817056,0.012679338666420095,0.0025700682040244206,-0.010468206824211993,1.0
-0.0019676641079389157,0.026315688518146703,0.00789927144458586,0.0012925200547265724,0.0034238821951113607,0.021257397806000077,0.006876898837537162,4.104758683818362e-05,0.004881860314409181,0.018764904579278083,0.007369534035934221,-0.007094234151677809,-0.0003295271079597484,0.015169529586953065,0.0025228607114201464,-0.011192084328865067,1.0
0.011426105530942365,0.03056220989096122,0.010655490565646577,0.004550581739689564,-0.0019676641079389157,0.026315688518146703,0.00789927144458586,0.0012925200547265724,0.0034238821951113607,0.021257397806000077,0.006876898837537162,4.104758683818362e-05,0.004881860314409181,0.018764904579278083,0.007369534035934221,-0.007094234151677809,1.0
0.003186175724881224,0.03048670959958413,0.00832865360283327,0.009868033467685888,0.011426105530942365,0.03056220989096122,0.010655490565646577,0.004550581739689564,-0.0019676641079389157,0.026315688518146703,0.00789927144458586,0.0012925200547265724,0.0034238821951113607,0.021257397806000077,0.006876898837537162,4.104758683818362e-05,1.0
0.016659822054128526,0.035528291850641686,0.004302523778810798,0.003534446605985399,0.003186175724881224,0.03048670959958413,0.00832865360283327,0.009868033467685888,0.011426105530942365,0.03056220989096122,0.010655490565646577,0.004550581739689564,-0.0019676641079389157,0.026315688518146703,0.00789927144458586,0.0012925200547265724,1.0
0.04815491512574965,0.03767454794930674,0.005469573144781184,0.0026098777958856074,0.016659822054128526,0.035528291850641686,0.004302523778810798,0.003534446605985399,0.003186175724881224,0.03048670959958413,0.00832865360283327,0.009868033467685888,0.011426105530942365,0.03056220989096122,0.010655490565646577,0.004550581739689564,1.0
0.05081412963055065,0.03920294486600784,0.0061004396926927894,0.0021294081554508577,0.04815491512574965,0.03767454794930674,0.005469573144781184,0.0026098777958856074,0.016659822054128526,0.035528291850641686,0.004302523778810798,0.003534446605985399,0.003186175724881224,0.03048670959958413,0.00832865360283327,0.009868033467685888,1.0
0.045080733498309655,0.04098360262272101,0.0048280171637318575,-0.00040343267797731606,0.05081412963055065,0.03920294486600784,0.0061004396926927894,0.0021294081554508577,0.04815491512574965,0.03767454794930674,0.005469573144781184,0.0026098777958856074,0.016659822054128526,0.035528291850641686,0.004302523778810798,0.003534446605985399,1.0
0.06789032209315948,0.04361376897947739,0.014823277034041052,0.019042823580653425,0.045080733498309655,0.04098360262272101,0.0048280171637318575,-0.00040343267797731606,0.05081412963055065,0.03920294486600784,0.0061004396926927894,0.0021294081554508577,0.04815491512574965,0.03767454794930674,0.005469573144781184,0.0026098777958856074,1.0
0.1085603489848257,0.0409661201463596,0.018593332196488427,0.025432217677143553,0.06789032209315948,0.04361376897947739,0.014823277034041052,0.019042823580653425,0.045080733498309655,0.04098360262272101,0.0048280171637318575,-0.00040343267797731606,0.05081412963055065,0.03920294486600784,0.0061004396926927894,0.0021294081554508577,1.0
0.06039202882590544,0.03593302646843417,0.02196831870881189,0.03554023000584279,0.1085603489848257,0.0409661201463596,0.018593332196488427,0.025432217677143553,0.06789032209315948,0.04361376897947739,0.014823277034041052,0.019042823580653425,0.045080733498309655,0.04098360262272101,0.0048280171637318575,-0.00040343267797731606,1.0
0.03429196223908981,0.02587910324993317,0.029194336888581127,0.044273453004716114,0.06039202882590544,0.03593302646843417,0.02196831870881189,0.03554023000584279,0.1085603489848257,0.0409661201463596,0.018593332196488427,0.025432217677143553,0.06789032209315948,0.04361376897947739,0.014823277034041052,0.019042823580653425,1.0
0.0014271633508542436,0.003224790680182303,0.010481566945929957,0.02668014139493756,0.03429196223908981,0.02587910324993317,0.029194336888581127,0.044273453004716114,0.06039202882590544,0.03593302646843417,0.02196831870881189,0.03554023000584279,0.1085603489848257,0.0409661201463596,0.018593332196488427,0.025432217677143553,1.0
-0.011145785930441576,-0.02392367413533572,-0.0013150047313743184,-0.0018461067087895704,0.0014271633508542436,0.003224790680182303,0.010481566945929957,0.02668014139493756,0.03429196223908981,0.02587910324993317,0.029194336888581127,0.044273453004716114,0.06039202882590544,0.03593302646843417,0.02196831870881189,0.03554023000584279,1.0
0.0072545555716772014,-0.028913642932555023,-0.009544087649201864,-0.008380709348228505,-0.011145785930441576,-0.02392367413533572,-0.0013150047313743184,-0.0018461067087895704,0.0014271633508542436,0.003224790680182303,0.010481566945929957,0.02668014139493756,0.03429196223908981,0.02587910324993317,0.029194336888581127,0.044273453004716114,1.0
0.024217766163184606,-0.029442122449915207,-0.015783766759182753,-0.011392837216644709,0.0072545555716772014,-0.028913642932555023,-0.009544087649201864,-0.008380709348228505,-0.011145785930441576,-0.02392367413533572,-0.0013150047313743184,-0.0018461067087895704,0.0014271633508542436,0.003224790680182303,0.010481566945929957,0.02668014139493756,1.0
-0.03381877037770309,-0.026810173696768698,-0.004526798691803076,-0.014884240499791574,0.024217766163184606,-0.029442122449915207,-0.015783766759182753,-0.011392837216644709,0.0072545555716772014,-0.028913642932555023,-0.009544087649201864,-0.008380709348228505,-0.011145785930441576,-0.02392367413533572,-0.0013150047313743184,-0.0018461067087895704,1.0
-0.01817441948917775,-0.022571920665122563,0.004493790676804858,-0.019158732330062524,-0.03381877037770309,-0.026810173696768698,-0.004526798691803076,-0.014884240499791574,0.024217766163184606,-0.029442122449915207,-0.015783766759182753,-0.011392837216644709,0.0072545555716772014,-0.028913642932555023,-0.009544087649201864,-0.008380709348228505,1.0
-0.044747948409844085,-0.015730872502842982,0.004759872099143345,-0.022180835184618462,-0.01817441948917775,-0.022571920665122563,0.004493790676804858,-0.019158732330062524,-0.03381877037770309,-0.026810173696768698,-0.004526798691803076,-0.014884240499791574,0.024217766163184606,-0.029442122449915207,-0.015783766759182753,-0.011392837216644709,1.0
-0.026958971391474407,-0.013498022076235187,0.003146380672856832,-0.022120059049479505,-0.044747948409844085,-0.015730872502842982,0.004759872099143345,-0.022180835184618462,-0.01817441948917775,-0.022571920665122563,0.004493790676804858,-0.019158732330062524,-0.03381877037770309,-0.026810173696768698,-0.004526798691803076,-0.014884240499791574,1.0
-0.012747675526279423,-0.011117250132947579,0.006497819319549073,-0.01891081839739863,-0.026958971391474407,-0.013498022076235187,0.003146380672856832,-0.022120059049479505,-0.044747948409844085,-0.015730872502842982,0.004759872099143345,-0.022180835184618462,-0.01817441948917775,-0.022571920665122563,0.004493790676804858,-0.019158732330062524,1.0
-0.028984007864623962,-0.009910894220218108,0.011259762921760699,-0.014230045603561111,-0.012747675526279423,-0.011117250132947579,0.006497819319549073,-0.01891081839739863,-0.026958971391474407,-0.013498022076235187,0.003146380672856832,-0.022120059049479505,-0.044747948409844085,-0.015730872502842982,0.004759872099143345,-0.022180835184618462,1.0
-0.00485110821515633,-0.011467886660821144,0.015793678363630183,-0.007117976899604691,-0.028984007864623962,-0.009910894220218108,0.011259762921760699,-0.014230045603561111,-0.012747675526279423,-0.011117250132947579,0.006497819319549073,-0.01891081839739863,-0.026958971391474407,-0.013498022076235187,0.003146380672856832,-0.022120059049479505,1.0
-0.002454201801031175,-0.010230693192779207,0.017318276525099614,-0.005291089301636673,-0.00485110821515633,-0.011467886660821144,0.015793678363630183,-0.007117976899604691,-0.028984007864623962,-0.009910894220218108,0.011259762921760699,-0.014230045603561111,-0.012747675526279423,-0.011117250132947579,0.006497819319549073,-0.01891081839739863,1.0
-0.004728427485499509,-0.011938171609934758,0.015270404594666663,-0.005287088737635293,-0.002454201801031175,-0.010230693192779207,0.017318276525099614,-0.005291089301636673,-0.00485110821515633,-0.011467886660821144,0.015793678363630183,-0.007117976899604691,-0.028984007864623962,-0.009910894220218108,0.011259762921760699,-0.014230045603561111,1.0
-0.01481160685372096,-0.010314404350925063,0.01172982126476558,-0.004109313545644609,-0.004728427485499509,-0.011938171609934758,0.015270404594666663,-0.005287088737635293,-0.002454201801031175,-0.010230693192779207,0.017318276525099614,-0.005291089301636673,-0.00485110821515633,-0.011467886660821144,0.015793678363630183,-0.007117976899604691,1.0
-0.003601336443056269,-0.013492438185172881,0.006619033159293541,-0.00422527196995613,-0.01481160685372096,-0.010314404350925063,0.01172982126476558,-0.004109313545644609,-0.004728427485499509,-0.011938171609934758,0.015270404594666663,-0.005287088737635293,-0.002454201801031175,-0.010230693192779207,0.017318276525099614,-0.005291089301636673,1.0
-0.017220319472235346,-0.015277933292836079,0.005788126422936333,-0.007089679256116651,-0.003601336443056269,-0.013492438185172881,0.006619033159293541,-0.00422527196995613,-0.01481160685372096,-0.010314404350925063,0.01172982126476558,-0.004109313545644609,-0.004728427485499509,-0.011938171609934758,0.015270404594666663,-0.005287088737635293,1.0
0.00684213814039758,-0.02011198532340463,0.006201839715096712,-0.0038916771632046075,-0.017220319472235346,-0.015277933292836079,0.005788126422936333,-0.007089679256116651,-0.003601336443056269,-0.013492438185172881,0.006619033159293541,-0.00422527196995613,-0.01481160685372096,-0.010314404350925063,0.01172982126476558,-0.004109313545644609,1.0
-0.007116734411749093,-0.020235828463050533,0.003204464838813318,-0.002470144254362326,0.00684213814039758,-0.02011198532340463,0.006201839715096712,-0.0038916771632046075,-0.017220319472235346,-0.015277933292836079,0.005788126422936333,-0.007089679256116651,-0.003601336443056269,-0.013492438185172881,0.006619033159293541,-0.00422527196995613,1.0
-0.013704059425926118,-0.018024919431753907,0.0022262434185866,-0.00315517821590869,-0.007116734411749093,-0.020235828463050533,0.003204464838813318,-0.002470144254362326,0.00684213814039758,-0.02011198532340463,0.006201839715096712,-0.0038916771632046075,-0.017220319472235346,-0.015277933292836079,0.005788126422936333,-0.007089679256116651,1.0
-0.008054507096378671,-0.01531442636192004,0.004175477277444315,-0.0007540837006556157,-0.013704059425926118,-0.018024919431753907,0.0022262434185866,-0.00315517821590869,-0.007116734411749093,-0.020235828463050533,0.003204464838813318,-0.002470144254362326,0.00684213814039758,-0.02011198532340463,0.006201839715096712,-0.0038916771632046075,1.0
-0.016430479786135876,-0.014819153270466692,0.0008258517382241598,0.0025987094735358545,-0.008054507096378671,-0.01531442636192004,0.004175477277444315,-0.0007540837006556157,-0.013704059425926118,-0.018024919431753907,0.0022262434185866,-0.00315517821590869,-0.007116734411749093,-0.020235828463050533,0.003204464838813318,-0.002470144254362326,1.0
-0.012371626142888559,-0.013822674597163529,0.00018383957181315335,0.009999347362558187,-0.016430479786135876,-0.014819153270466692,0.0008258517382241598,0.0025987094735358545,-0.008054507096378671,-0.01531442636192004,0.004175477277444315,-0.0007540837006556157,-0.013704059425926118,-0.018024919431753907,0.0022262434185866,-0.00315517821590869,1.0
-0.012629477746033402,-0.012731630412098205,0.002512446232903124,0.007219804630721328,-0.012371626142888559,-0.013822674597163529,0.00018383957181315335,0.009999347362558187,-0.016430479786135876,-0.014819153270466692,0.0008258517382241598,0.0025987094735358545,-0.008054507096378671,-0.01531442636192004,0.004175477277444315,-0.0007540837006556157,1.0
-0.010940048318980544,-0.008993126698655514,0.0002271851992019051,0.007310013271872295,-0.012629477746033402,-0.012731630412098205,0.002512446232903124,0.007219804630721328,-0.012371626142888559,-0.013822674597163529,0.00018383957181315335,0.009999347362558187,-0.016430479786135876,-0.014819153270466692,0.0008258517382241598,0.0025987094735358545,1.0
-0.0123988732975846,-0.00689539368128404,-0.0033795776786194436,0.007020553954643722,-0.010940048318980544,-0.008993126698655514,0.0002271851992019051,0.007310013271872295,-0.012629477746033402,-0.012731630412098205,0.002512446232903124,0.007219804630721328,-0.012371626142888559,-0.013822674597163529,0.00018383957181315335,0.009999347362558187,1.0
-0.007155419736175617,-0.00486045934176937,-0.010193487290485952,0.005036778455672843,-0.0123988732975846,-0.00689539368128404,-0.0033795776786194436,0.007020553954643722,-0.010940048318980544,-0.008993126698655514,0.0002271851992019051,0.007310013271872295,-0.012629477746033402,-0.012731630412098205,0.002512446232903124,0.007219804630721328,1.0
-0.004413548851005089,-0.003281404088963751,-0.0085183489795917,0.005875748024549097,-0.007155419736175617,-0.00486045934176937,-0.010193487290485952,0.005036778455672843,-0.0123988732975846,-0.00689539368128404,-0.0033795776786194436,0.007020553954643722,-0.010940048318980544,-0.008993126698655514,0.0002271851992019051,0.007310013271872295,1.0
-0.00023405442003721078,-0.0022210733646517533,-0.009201039464370548,0.004342117387117519,-0.004413548851005089,-0.003281404088963751,-0.0085183489795917,0.005875748024549097,-0.007155419736175617,-0.00486045934176937,-0.010193487290485952,0.005036778455672843,-0.0123988732975846,-0.00689539368128404,-0.0033795776786194436,0.007020553954643722,1.0
-0.0008644494660199342,-0.0031895149894656805,-0.008593766278308563,0.0006349067730460775,-0.00023405442003721078,-0.0022210733646517533,-0.009201039464370548,0.004342117387117519,-0.004413548851005089,-0.003281404088963751,-0.0085183489795917,0.005875748024549097,-0.007155419736175617,-0.00486045934176937,-0.010193487290485952,0.005036778455672843,1.0
0.012919111512328385,-0.0018237075743685527,-0.006826823700926945,-0.0045666179567158014,-0.0008644494660199342,-0.0031895149894656805,-0.008593766278308563,0.0006349067730460775,-0.00023405442003721078,-0.0022210733646517533,-0.009201039464370548,0.004342117387117519,-0.004413548851005089,-0.003281404088963751,-0.0085183489795917,0.005875748024549097,1.0
0.010794656360726407,-0.002526813631681945,-0.007466523671756889,-0.001871976586367215,0.012919111512328385,-0.0018237075743685527,-0.006826823700926945,-0.0045666179567158014,-0.0008644494660199342,-0.0031895149894656805,-0.008593766278308563,0.0006349067730460775,-0.00023405442003721078,-0.0022210733646517533,-0.009201039464370548,0.004342117387117519,1.0
0.008316004904942886,-0.0026840682644638796,-0.00562498085511061,-0.0018311576520564244,0.010794656360726407,-0.002526813631681945,-0.007466523671756889,-0.001871976586367215,0.012919111512328385,-0.0018237075743685527,-0.006826823700926945,-0.0045666179567158014,-0.0008644494660199342,-0.0031895149894656805,-0.008593766278308563,0.0006349067730460775,1.0
0.0022222070033812713,-0.0004850559564908141,-0.0013929063260758887,-0.0011133181052131692,0.008316004904942886,-0.0026840682644638796,-0.00562498085511061,-0.0018311576520564244,0.010794656360726407,-0.002526813631681945,-0.007466523671756889,-0.001871976586367215,0.012919111512328385,-0.0018237075743685527,-0.006826823700926945,-0.0045666179567158014,1.0
0.006433993854042086,0.0019087164553131463,0.003930846621617612,0.0005692722016079025,0.0022222070033812713,-0.0004850559564908141,-0.0013929063260758887,-0.0011133181052131692,0.008316004904942886,-0.0026840682644638796,-0.00562498085511061,-0.0018311576520564244,0.010794656360726407,-0.002526813631681945,-0.007466523671756889,-0.001871976586367215,1.0
0.01361742463720006,0.004141824175179881,0.0012339855414031297,-0.0016710953084143338,0.006433993854042086,0.0019087164553131463,0.003930846621617612,0.0005692722016079025,0.0022222070033812713,-0.0004850559564908141,-0.0013929063260758887,-0.0011133181052131692,0.008316004904942886,-0.0026840682644638796,-0.00562498085511061,-0.0018311576520564244,1.0
0.02455699955497792,0.005653707363195898,0.0009278082789215537,-0.002362483731000367,0.01361742463720006,0.004141824175179881,0.0012339855414031297,-0.0016710953084143338,0.006433993854042086,0.0019087164553131463,0.003930846621617612,0.0005692722016079025,0.0022222070033812713,-0.0004850559564908141,-0.0013929063260758887,-0.0011133181052131692,1.0
0.002838856424782321,0.006684228211535152,0.0006402597310573585,0.0007039391522045158,0.02455699955497792,0.005653707363195898,0.0009278082789215537,-0.002362483731000367,0.01361742463720006,0.004141824175179881,0.0012339855414031297,-0.0016710953084143338,0.006433993854042086,0.0019087164553131463,0.003930846621617612,0.0005692722016079025,1.0
0.01174420577569002,0.004834497041515735,4.968224525318674e-05,0.006283557442424159,0.002838856424782321,0.006684228211535152,0.0006402597310573585,0.0007039391522045158,0.02455699955497792,0.005653707363195898,0.0009278082789215537,-0.002362483731000367,0.01361742463720006,0.004141824175179881,0.0012339855414031297,-0.0016710953084143338,1.0
0.017076328336923297,0.0055679829352830055,0.0023520693857454534,0.007561574209034707,0.01174420577569002,0.004834497041515735,4.968224525318674e-05,0.006283557442424159,0.002838856424782321,0.006684228211535152,0.0006402597310573585,0.0007039391522045158,0.02455699955497792,0.005653707363195898,0.0009278082789215537,-0.002362483731000367,1.0
0.007469565142312007,0.0021728700868311086,0.0038931987089143244,0.010970248778264484,0.017076328336923297,0.0055679829352830055,0.0023520693857454534,0.007561574209034707,0.01174420577569002,0.004834497041515735,4.968224525318674e-05,0.006283557442424159,0.002838856424782321,0.006684228211535152,0.0006402597310573585,0.0007039391522045158,1.0
