P_1,Y_1_star,P_1_star,RR_1_star,P_2,Y_2_star,P_2_star,RR_2_star,P_3,Y_3_star,P_3_star,RR_3_star,P_4,Y_4_star,P_4_star,RR_4_star,cons
0.017098549489281495,0.003379500484049523,0.007545548644125023,-0.008223280741917242,0.022812017501791737,0.0004031866649960993,0.00809601941856564,-0.0009260746184635554,0.09595775665251341,-0.008815396973852866,0.014858141738324723,0.001625834304195498,0.11551917707389994,-0.01544400948045884,0.021162250750925753,0.01156478876068599,1.0
-0.008802859705042423,-0.0012359898132965638,0.009794437931334084,-0.00566420521101145,0.017098549489281495,0.003379500484049523,0.007545548644125023,-0.008223280741917242,0.022812017501791737,0.0004031866649960993,0.00809601941856564,-0.0009260746184635554,0.09595775665251341,-0.008815396973852866,0.014858141738324723,0.001625834304195498,1.0
-0.015609313389094652,0.00011459645130859077,0.01082897582206474,0.002985992440656032,-0.008802859705042423,-0.0012359898132965638,0.009794437931334084,-0.00566420521101145,0.017098549489281495,0.003379500484049523,0.007545548644125023,-0.008223280741917242,0.022812017501791737,0.0004031866649960993,0.00809601941856564,-0.0009260746184635554,1.0
-0.02426479120964052,0.006453703107709473,0.013152348899356864,0.012350278344310203,-0.015609313389094652,0.00011459645130859077,0.01082897582206474,0.002985992440656032,-0.008802859705042423,-0.0012359898132965638,0.009794437931334084,-0.00566420521101145,0.017098549489281495,0.003379500484049523,0.007545548644125023,-0.008223280741917242,1.0
-0.030765685883792887,0.0069445713595558,0.00651644907956412,0.018698827229800218,-0.02426479120964052,0.006453703107709473,0.013152348899356864,0.012350278344310203,-0.015609313389094652,0.00011459645130859077,0.01082897582206474,0.002985992440656032,-0.008802859705042423,-0.0012359898132965638,0.009794437931334084,-0.00566420521101145,1.0
-0.0261359196955,0.012796716086957734,0.012619289045658734,0.033757692925138715,-0.030765685883792887,0.0069445713595558,0.00651644907956412,0.018698827229800218,-0.02426479120964052,0.006453703107709473,0.013152348899356864,0.012350278344310203,-0.015609313389094652,0.00011459645130859077,0.01082897582206474,0.002985992440656032,1.0
0.0014785399732913929,0.012759734919744616,0.016776148698858896,0.03880923399101948,-0.0261359196955,0.012796716086957734,0.012619289045658734,0.033757692925138715,-0.030765685883792887,0.0069445713595558,0.00651644907956412,0.018698827229800218,-0.02426479120964052,0.006453703107709473,0.013152348899356864,0.012350278344310203,1.0
0.0024121901868748574,0.007052707890693903,0.016026185306510475,0.032541790493676954,0.0014785399732913929,0.012759734919744616,0.016776148698858896,0.03880923399101948,-0.0261359196955,0.012796716086957734,0.012619289045658734,0.033757692925138715,-0.030765685883792887,0.0069445713595558,0.00651644907956412,0.018698827229800218,1.0
0.0011036370383320226,0.007596097424627632,0.025281194592490074,0.03767266457866588,0.0024121901868748574,0.007052707890693903,0.016026185306510475,0.032541790493676954,0.0014785399732913929,0.012759734919744616,0.016776148698858896,0.03880923399101948,-0.0261359196955,0.012796716086957734,0.012619289045658734,0.033757692925138715,1.0
0.007592011171503987,0.0031089021996086323,0.018409806959806464,0.04040184573151935,0.0011036370383320226,0.007596097424627632,0.025281194592490074,0.03767266457866588,0.0024121901868748574,0.007052707890693903,0.016026185306510475,0.032541790493676954,0.0014785399732913929,0.012759734919744616,0.016776148698858896,0.03880923399101948,1.0
-0.018132158574287613,-0.006878177954200033,0.0054169700895081024,0.03784521528362234,0.007592011171503987,0.0031089021996086323,0.018409806959806464,0.04040184573151935,0.0011036370383320226,0.007596097424627632,0.025281194592490074,0.03767266457866588,0.0024121901868748574,0.007052707890693903,0.016026185306510475,0.032541790493676954,1.0
-0.019191916306993927,-0.014163274570283975,0.012441164384870316,0.04195127649072642,-0.018132158574287613,-0.006878177954200033,0.0054169700895081024,0.03784521528362234,0.007592011171503987,0.0031089021996086323,0.018409806959806464,0.04040184573151935,0.0011036370383320226,0.007596097424627632,0.025281194592490074,0.03767266457866588,1.0
-0.021927662548429018,-0.027975657721261427,-0.001814480659209428,0.03351741318909397,-0.019191916306993927,-0.014163274570283975,0.012441164384870316,0.04195127649072642,-0.018132158574287613,-0.006878177954200033,0.0054169700895081024,0.03784521528362234,0.007592011171503987,0.0031089021996086323,0.018409806959806464,0.04040184573151935,1.0
-0.03856748780125966,-0.03355624267082925,-0.01447782980723454,0.028242734713609354,-0.021927662548429018,-0.027975657721261427,-0.001814480659209428,0.03351741318909397,-0.019191916306993927,-0.014163274570283975,0.012441164384870316,0.04195127649072642,-0.018132158574287613,-0.006878177954200033,0.0054169700895081024,0.03784521528362234,1.0
-0.044645555828108766,-0.037021343713738254,-0.01565305320900983,0.026015576007966227,-0.03856748780125966,-0.03355624267082925,-0.01447782980723454,0.028242734713609354,-0.021927662548429018,-0.027975657721261427,-0.001814480659209428,0.03351741318909397,-0.019191916306993927,-0.014163274570283975,0.012441164384870316,0.04195127649072642,1.0
-0.055941217830376894,-0.04167208808640294,-0.02939191233669638,0.01883456122435464,-0.044645555828108766,-0.037021343713738254,-0.01565305320900983,0.026015576007966227,-0.03856748780125966,-0.03355624267082925,-0.01447782980723454,0.028242734713609354,-0.021927662548429018,-0.027975657721261427,-0.001814480659209428,0.03351741318909397,1.0
-0.05726472013763723,-0.04142159737986438,-0.03207230582739237,0.005465668525889157,-0.055941217830376894,-0.04167208808640294,-0.02939191233669638,0.01883456122435464,-0.044645555828108766,-0.037021343713738254,-0.01565305320900983,0.026015576007966227,-0.03856748780125966,-0.03355624267082925,-0.01447782980723454,0.028242734713609354,1.0
-0.054994704702163964,-0.04287020086382663,-0.03627004471108177,-0.0026112833473220273,-0.05726472013763723,-0.04142159737986438,-0.03207230582739237,0.005465668525889157,-0.055941217830376894,-0.04167208808640294,-0.02939191233669638,0.01883456122435464,-0.044645555828108766,-0.037021343713738254,-0.01565305320900983,0.026015576007966227,1.0
-0.05451387066406445,-0.04274095601160784,-0.04018404937215833,-0.010563182759613461,-0.054994704702163964,-0.04287020086382663,-0.03627004471108177,-0.0026112833473220273,-0.05726472013763723,-0.04142159737986438,-0.03207230582739237,0.005465668525889157,-0.055941217830376894,-0.04167208808640294,-0.02939191233669638,0.01883456122435464,1.0
-0.05046151714931235,-0.036563336950353506,-0.04508034290263185,-0.006754327234932506,-0.05451387066406445,-0.04274095601160784,-0.04018404937215833,-0.010563182759613461,-0.054994704702163964,-0.04287020086382663,-0.03627004471108177,-0.0026112833473220273,-0.05726472013763723,-0.04142159737986438,-0.03207230582739237,0.005465668525889157,1.0
-0.0535036730929726,-0.03858991115272751,-0.038389547515374094,-0.0049752870330885355,-0.05046151714931235,-0.036563336950353506,-0.04508034290263185,-0.006754327234932506,-0.05451387066406445,-0.04274095601160784,-0.04018404937215833,-0.010563182759613461,-0.054994704702163964,-0.04287020086382663,-0.03627004471108177,-0.0026112833473220273,1.0
-0.04950062366384229,-0.03945502992348993,-0.03294453715836549,-0.010751258595774244,-0.0535036730929726,-0.03858991115272751,-0.038389547515374094,-0.0049752870330885355,-0.05046151714931235,-0.036563336950353506,-0.04508034290263185,-0.006754327234932506,-0.05451387066406445,-0.04274095601160784,-0.04018404937215833,-0.010563182759613461,1.0
-0.04726922696106607,-0.04276968196194331,-0.030438233742828242,-0.01522213972928994,-0.04950062366384229,-0.03945502992348993,-0.03294453715836549,-0.010751258595774244,-0.0535036730929726,-0.03858991115272751,-0.038389547515374094,-0.0049752870330885355,-0.05046151714931235,-0.036563336950353506,-0.04508034290263185,-0.006754327234932506,1.0
-0.0476394519602063,-0.03615838240640399,-0.031677457433647686,-0.018452096100644032,-0.04726922696106607,-0.04276968196194331,-0.030438233742828242,-0.01522213972928994,-0.04950062366384229,-0.03945502992348993,-0.03294453715836549,-0.010751258595774244,-0.0535036730929726,-0.03858991115272751,-0.038389547515374094,-0.0049752870330885355,1.0
-0.04797814433522927,-0.02980273618587669,-0.03388449320346453,-0.025613186521113503,-0.0476394519602063,-0.03615838240640399,-0.031677457433647686,-0.018452096100644032,-0.04726922696106607,-0.04276968196194331,-0.030438233742828242,-0.01522213972928994,-0.04950062366384229,-0.03945502992348993,-0.03294453715836549,-0.010751258595774244,1.0
-0.04952756240332422,-0.02519487743887983,-0.032314251361341716,-0.02675231314915224,-0.04797814433522927,-0.02980273618587669,-0.03388449320346453,-0.025613186521113503,-0.0476394519602063,-0.03615838240640399,-0.031677457433647686,-0.018452096100644032,-0.04726922696106607,-0.04276968196194331,-0.030438233742828242,-0.01522213972928994,1.0
-0.04216710712827293,-0.024604076994714178,-0.029560867828675546,-0.023456459815920337,-0.04952756240332422,-0.02519487743887983,-0.032314251361341716,-0.02675231314915224,-0.04797814433522927,-0.02980273618587669,-0.03388449320346453,-0.025613186521113503,-0.0476394519602063,-0.03615838240640399,-0.031677457433647686,-0.018452096100644032,1.0
-0.03135781901649409,-0.02061071283511608,-0.02566499920256624,-0.012067871590810375,-0.04216710712827293,-0.024604076994714178,-0.029560867828675546,-0.023456459815920337,-0.04952756240332422,-0.02519487743887983,-0.032314251361341716,-0.02675231314915224,-0.04797814433522927,-0.02980273618587669,-0.03388449320346453,-0.025613186521113503,1.0
-0.01879874745591962,-0.024966256262060112,-0.016445264326999887,0.0023734156554043543,-0.03135781901649409,-0.02061071283511608,-0.02566499920256624,-0.012067871590810375,-0.04216710712827293,-0.024604076994714178,-0.029560867828675546,-0.023456459815920337,-0.04952756240332422,-0.02519487743887983,-0.032314251361341716,-0.02675231314915224,1.0
-0.012418945970638272,-0.028055610468853052,-0.008967526501197233,0.002377879867758289,-0.01879874745591962,-0.024966256262060112,-0.016445264326999887,0.0023734156554043543,-0.03135781901649409,-0.02061071283511608,-0.02566499920256624,-0.012067871590810375,-0.04216710712827293,-0.024604076994714178,-0.029560867828675546,-0.023456459815920337,1.0
-0.022235595429310633,-0.020471909437631608,-0.005345327639655887,0.004915421265906065,-0.012418945970638272,-0.028055610468853052,-0.008967526501197233,0.002377879867758289,-0.01879874745591962,-0.024966256262060112,-0.016445264326999887,0.0023734156554043543,-0.03135781901649409,-0.02061071283511608,-0.02566499920256624,-0.012067871590810375,1.0
-0.027914941693063355,-0.024733095546181038,-0.005021828518287291,0.006226308109520827,-0.022235595429310633,-0.020471909437631608,-0.005345327639655887,0.004915421265906065,-0.012418945970638272,-0.028055610468853052,-0.008967526501197233,0.002377879867758289,-0.01879874745591962,-0.024966256262060112,-0.016445264326999887,0.0023734156554043543,1.0
-0.03440781623424392,-0.02065526455908446,-0.01564224209131062,0.0053959044524502595,-0.027914941693063355,-0.024733095546181038,-0.005021828518287291,0.006226308109520827,-0.022235595429310633,-0.020471909437631608,-0.005345327639655887,0.004915421265906065,-0.012418945970638272,-0.028055610468853052,-0.008967526501197233,0.002377879867758289,1.0
-0.03594470709667259,-0.01886351434036147,-0.020459159004271095,0.014320508426582041,-0.03440781623424392,-0.02065526455908446,-0.01564224209131062,0.0053959044524502595,-0.027914941693063355,-0.024733095546181038,-0.005021828518287291,0.006226308109520827,-0.022235595429310633,-0.020471909437631608,-0.005345327639655887,0.004915421265906065,1.0
-0.03159857909258519,-0.01747536806750314,-0.027518979099904004,0.016149185989970997,-0.03594470709667259,-0.01886351434036147,-0.020459159004271095,0.014320508426582041,-0.03440781623424392,-0.02065526455908446,-0.01564224209131062,0.0053959044524502595,-0.027914941693063355,-0.024733095546181038,-0.005021828518287291,0.006226308109520827,1.0
-0.029257281498400744,-0.014702960499498522,-0.031785058074046926,0.012450642344897232,-0.03159857909258519,-0.01747536806750314,-0.027518979099904004,0.016149185989970997,-0.03594470709667259,-0.01886351434036147,-0.020459159004271095,0.014320508426582041,-0.03440781623424392,-0.02065526455908446,-0.01564224209131062,0.0053959044524502595,1.0
-0.03631408500651051,-0.014426622912164067,-0.03323081997157305,0.011349902213630915,-0.029257281498400744,-0.014702960499498522,-0.031785058074046926,0.012450642344897232,-0.03159857909258519,-0.01747536806750314,-0.027518979099904004,0.016149185989970997,-0.03594470709667259,-0.01886351434036147,-0.020459159004271095,0.014320508426582041,1.0
-0.042390962614209673,0.00011391445371362226,-0.04263840063692484,0.005856921198291772,-0.03631408500651051,-0.014426622912164067,-0.03323081997157305,0.011349902213630915,-0.029257281498400744,-0.014702960499498522,-0.031785058074046926,0.012450642344897232,-0.03159857909258519,-0.01747536806750314,-0.027518979099904004,0.016149185989970997,1.0
-0.04278575964554361,-0.001177733211751711,-0.048199214573801843,-0.0005568936267065418,-0.042390962614209673,0.00011391445371362226,-0.04263840063692484,0.005856921198291772,-0.03631408500651051,-0.014426622912164067,-0.03323081997157305,0.011349902213630915,-0.029257281498400744,-0.014702960499498522,-0.031785058074046926,0.012450642344897232,1.0
-0.04410512143581962,0.002162753188287581,-0.04597474176698372,0.0002340957010871837,-0.04278575964554361,-0.001177733211751711,-0.048199214573801843,-0.0005568936267065418,-0.042390962614209673,0.00011391445371362226,-0.04263840063692484,0.005856921198291772,-0.03631408500651051,-0.014426622912164067,-0.03323081997157305,0.011349902213630915,1.0
-0.03885850194395677,-0.0023906206447341415,-0.04014367103246566,0.00185440709241404,-0.04410512143581962,0.002162753188287581,-0.04597474176698372,0.0002340957010871837,-0.04278575964554361,-0.001177733211751711,-0.048199214573801843,-0.0005568936267065418,-0.042390962614209673,0.00011391445371362226,-0.04263840063692484,0.005856921198291772,1.0
-0.034571167599274547,-0.0024695965333705917,-0.033615152311529936,0.0016974738949481866,-0.03885850194395677,-0.0023906206447341415,-0.04014367103246566,0.00185440709241404,-0.04410512143581962,0.002162753188287581,-0.04597474176698372,0.0002340957010871837,-0.04278575964554361,-0.001177733211751711,-0.048199214573801843,-0.0005568936267065418,1.0
-0.03311957326042373,0.004337883282086161,-0.029943282216584755,-0.0029624563514117435,-0.034571167599274547,-0.0024695965333705917,-0.033615152311529936,0.0016974738949481866,-0.03885850194395677,-0.0023906206447341415,-0.04014367103246566,0.00185440709241404,-0.04410512143581962,0.002162753188287581,-0.04597474176698372,0.0002340957010871837,1.0
-0.046314751802554045,0.011293570796969144,-0.02958191702827197,-0.007410081112841552,-0.03311957326042373,0.004337883282086161,-0.029943282216584755,-0.0029624563514117435,-0.034571167599274547,-0.0024695965333705917,-0.033615152311529936,0.0016974738949481866,-0.03885850194395677,-0.0023906206447341415,-0.04014367103246566,0.00185440709241404,1.0
-0.05026849020353415,0.013649164196366545,-0.037759707209373446,-0.01603855619825154,-0.046314751802554045,0.011293570796969144,-0.02958191702827197,-0.007410081112841552,-0.03311957326042373,0.004337883282086161,-0.029943282216584755,-0.0029624563514117435,-0.034571167599274547,-0.0024695965333705917,-0.033615152311529936,0.0016974738949481866,1.0
-0.05237165316132337,0.013646974293911127,-0.03806661531035302,-0.017222508307464652,-0.05026849020353415,0.013649164196366545,-0.037759707209373446,-0.01603855619825154,-0.046314751802554045,0.011293570796969144,-0.02958191702827197,-0.007410081112841552,-0.03311957326042373,0.004337883282086161,-0.029943282216584755,-0.0029624563514117435,1.0
-0.05318761734695517,0.019895880886069844,-0.03136018960115822,-0.031549619674742166,-0.05237165316132337,0.013646974293911127,-0.03806661531035302,-0.017222508307464652,-0.05026849020353415,0.013649164196366545,-0.037759707209373446,-0.01603855619825154,-0.046314751802554045,0.011293570796969144,-0.02958191702827197,-0.007410081112841552,1.0
-0.042410814611192886,0.029513026618926214,-0.028982883124992847,-0.024164077322973026,-0.05318761734695517,0.019895880886069844,-0.03136018960115822,-0.031549619674742166,-0.05237165316132337,0.013646974293911127,-0.03806661531035302,-0.017222508307464652,-0.05026849020353415,0.013649164196366545,-0.037759707209373446,-0.01603855619825154,1.0
-0.03201855991220172,0.028542000024357198,-0.020680307837572978,-0.02265583640964377,-0.042410814611192886,0.029513026618926214,-0.028982883124992847,-0.024164077322973026,-0.05318761734695517,0.019895880886069844,-0.03136018960115822,-0.031549619674742166,-0.05237165316132337,0.013646974293911127,-0.03806661531035302,-0.017222508307464652,1.0
-0.02624006119805876,0.032812297533731105,-0.018587339124594343,-0.019369693907852176,-0.03201855991220172,0.028542000024357198,-0.020680307837572978,-0.02265583640964377,-0.042410814611192886,0.029513026618926214,-0.028982883124992847,-0.024164077322973026,-0.05318761734695517,0.019895880886069844,-0.03136018960115822,-0.031549619674742166,1.0
-0.01572850629607084,0.0299177309421524,0.007560277904574054,0.004822711113175615,-0.02624006119805876,0.032812297533731105,-0.018587339124594343,-0.019369693907852176,-0.03201855991220172,0.028542000024357198,-0.020680307837572978,-0.02265583640964377,-0.042410814611192886,0.029513026618926214,-0.028982883124992847,-0.024164077322973026,1.0
-0.0052140088491886005,0.023109797982702025,0.005209627418556056,0.005124815612965718,-0.01572850629607084,0.0299177309421524,0.007560277904574054,0.004822711113175615,-0.02624006119805876,0.032812297533731105,-0.018587339124594343,-0.019369693907852176,-0.03201855991220172,0.028542000024357198,-0.020680307837572978,-0.02265583640964377,1.0
-0.01373713619169033,0.021999971598688814,0.008482489813657663,-0.0010998217408478717,-0.0052140088491886005,0.023109797982702025,0.005209627418556056,0.005124815612965718,-0.01572850629607084,0.0299177309421524,0.007560277904574054,0.004822711113175615,-0.02624006119805876,0.032812297533731105,-0.018587339124594343,-0.019369693907852176,1.0
-0.011348261904055662,0.0217423623722907,0.01186679070858918,-0.006343417161696618,-0.01373713619169033,0.021999971598688814,0.008482489813657663,-0.0010998217408478717,-0.0052140088491886005,0.023109797982702025,0.005209627418556056,0.005124815612965718,-0.01572850629607084,0.0299177309421524,0.007560277904574054,0.004822711113175615,1.0
-0.018882567559253577,0.020416006085329855,-0.01826788827363704,-0.01263494668296174,-0.011348261904055662,0.0217423623722907,0.01186679070858918,-0.006343417161696618,-0.01373713619169033,0.021999971598688814,0.008482489813657663,-0.0010998217408478717,-0.0052140088491886005,0.023109797982702025,0.005209627418556056,0.005124815612965718,1.0
-0.02425341005669138,0.021158905131801443,-0.01503166371168362,-0.021686528311112705,-0.018882567559253577,0.020416006085329855,-0.01826788827363704,-0.01263494668296174,-0.011348261904055662,0.0217423623722907,0.01186679070858918,-0.006343417161696618,-0.01373713619169033,0.021999971598688814,0.008482489813657663,-0.0010998217408478717,1.0
-0.015911008531491782,0.022751576534059244,-0.016545595804251457,-0.026268678361866728,-0.02425341005669138,0.021158905131801443,-0.01503166371168362,-0.021686528311112705,-0.018882567559253577,0.020416006085329855,-0.01826788827363704,-0.01263494668296174,-0.011348261904055662,0.0217423623722907,0.01186679070858918,-0.006343417161696618,1.0
-0.013585568808012597,0.027438028602564505,-0.017145967077291765,-0.016023857530919474,-0.015911008531491782,0.022751576534059244,-0.016545595804251457,-0.026268678361866728,-0.02425341005669138,0.021158905131801443,-0.01503166371168362,-0.021686528311112705,-0.018882567559253577,0.020416006085329855,-0.01826788827363704,-0.01263494668296174,1.0
-0.014037090076505668,0.02534098320645226,-0.013310021363244967,-0.015112421766397622,-0.013585568808012597,0.027438028602564505,-0.017145967077291765,-0.016023857530919474,-0.015911008531491782,0.022751576534059244,-0.016545595804251457,-0.026268678361866728,-0.02425341005669138,0.021158905131801443,-0.01503166371168362,-0.021686528311112705,1.0
-0.01259615528502564,0.024363737951403064,-0.012866069821317407,-0.014606357207939898,-0.014037090076505668,0.02534098320645226,-0.013310021363244967,-0.015112421766397622,-0.013585568808012597,0.027438028602564505,-0.017145967077291765,-0.016023857530919474,-0.015911008531491782,0.022751576534059244,-0.016545595804251457,-0.026268678361866728,1.0
-0.013963398260444529,0.019996051746659516,-0.008207941989223425,-0.012411598352554268,-0.01259615528502564,0.024363737951403064,-0.012866069821317407,-0.014606357207939898,-0.014037090076505668,0.02534098320645226,-0.013310021363244967,-0.015112421766397622,-0.013585568808012597,0.027438028602564505,-0.017145967077291765,-0.016023857530919474,1.0
-0.023731696267507207,0.017859425805639515,-0.015453804016946364,-0.020051037591057957,-0.013963398260444529,0.019996051746659516,-0.008207941989223425,-0.012411598352554268,-0.01259615528502564,0.024363737951403064,-0.012866069821317407,-0.014606357207939898,-0.014037090076505668,0.02534098320645226,-0.013310021363244967,-0.015112421766397622,1.0
-0.023143721722691756,0.026059701371617578,-0.015814663902146083,-0.01795640998244418,-0.023731696267507207,0.017859425805639515,-0.015453804016946364,-0.020051037591057957,-0.013963398260444529,0.019996051746659516,-0.008207941989223425,-0.012411598352554268,-0.01259615528502564,0.024363737951403064,-0.012866069821317407,-0.014606357207939898,1.0
-0.021666102079131836,0.032841163623447994,-0.016429861937249834,-0.01845047531955703,-0.023143721722691756,0.026059701371617578,-0.015814663902146083,-0.01795640998244418,-0.023731696267507207,0.017859425805639515,-0.015453804016946364,-0.020051037591057957,-0.013963398260444529,0.019996051746659516,-0.008207941989223425,-0.012411598352554268,1.0
-0.021063396795701975,0.033053905084825384,-0.020277383307664956,-0.014846241390988103,-0.021666102079131836,0.032841163623447994,-0.016429861937249834,-0.01845047531955703,-0.023143721722691756,0.026059701371617578,-0.015814663902146083,-0.01795640998244418,-0.023731696267507207,0.017859425805639515,-0.015453804016946364,-0.020051037591057957,1.0
-0.012205876311206218,0.033068459380727645,-0.014405100693872427,-0.014000891630116316,-0.021063396795701975,0.033053905084825384,-0.020277383307664956,-0.014846241390988103,-0.021666102079131836,0.032841163623447994,-0.016429861937249834,-0.01845047531955703,-0.023143721722691756,0.026059701371617578,-0.015814663902146083,-0.01795640998244418,1.0
-0.009837551700091728,0.033242066341286,-0.015147760495327532,-0.018921344509762173,-0.012205876311206218,0.033068459380727645,-0.014405100693872427,-0.014000891630116316,-0.021063396795701975,0.033053905084825384,-0.020277383307664956,-0.014846241390988103,-0.021666102079131836,0.032841163623447994,-0.016429861937249834,-0.01845047531955703,1.0
-0.007556652759629405,0.03391690559609224,-0.013613826557927453,-0.014663591247911776,-0.009837551700091728,0.033242066341286,-0.015147760495327532,-0.018921344509762173,-0.012205876311206218,0.033068459380727645,-0.014405100693872427,-0.014000891630116316,-0.021063396795701975,0.033053905084825384,-0.020277383307664956,-0.014846241390988103,1.0
-0.0060918420579710135,0.03503963416122179,-0.014593111201471954,-0.011882248119310558,-0.007556652759629405,0.03391690559609224,-0.013613826557927453,-0.014663591247911776,-0.009837551700091728,0.033242066341286,-0.015147760495327532,-0.018921344509762173,-0.012205876311206218,0.033068459380727645,-0.014405100693872427,-0.014000891630116316,1.0
-0.00475862359124574,0.03432357673526402,-0.0136932855013312,-0.016508618544935245,-0.0060918420579710135,0.03503963416122179,-0.014593111201471954,-0.011882248119310558,-0.007556652759629405,0.03391690559609224,-0.013613826557927453,-0.014663591247911776,-0.009837551700091728,0.033242066341286,-0.015147760495327532,-0.018921344509762173,1.0
0.0010373611498920299,0.03749595864255693,-0.00853969126276968,-0.011718541115492961,-0.00475862359124574,0.03432357673526402,-0.0136932855013312,-0.016508618544935245,-0.0060918420579710135,0.03503963416122179,-0.014593111201471954,-0.011882248119310558,-0.007556652759629405,0.03391690559609224,-0.013613826557927453,-0.014663591247911776,1.0
-0.0003416297240750321,0.038294920450998304,-0.010275549093781314,-0.001116548024391405,0.0010373611498920299,0.03749595864255693,-0.00853969126276968,-0.011718541115492961,-0.00475862359124574,0.03432357673526402,-0.0136932855013312,-0.016508618544935245,-0.0060918420579710135,0.03503963416122179,-0.014593111201471954,-0.011882248119310558,1.0
0.0019351209031527386,0.03792279439576425,-0.00917505483901392,0.0036565269404798518,-0.0003416297240750321,0.038294920450998304,-0.010275549093781314,-0.001116548024391405,0.0010373611498920299,0.03749595864255693,-0.00853969126276968,-0.011718541115492961,-0.00475862359124574,0.03432357673526402,-0.0136932855013312,-0.016508618544935245,1.0
0.009238784557786504,0.033952216121201126,0.00011894197135022405,0.008359718908842727,0.0019351209031527386,0.03792279439576425,-0.00917505483901392,0.0036565269404798518,-0.0003416297240750321,0.038294920450998304,-0.010275549093781314,-0.001116548024391405,0.0010373611498920299,0.03749595864255693,-0.00853969126276968,-0.011718541115492961,1.0
0.005544324410331904,0.03590940216564873,-4.784199291974546e-05,0.013722121641339458,0.009238784557786504,0.033952216121201126,0.00011894197135022405,0.008359718908842727,0.0019351209031527386,0.03792279439576425,-0.00917505483901392,0.0036565269404798518,-0.0003416297240750321,0.038294920450998304,-0.010275549093781314,-0.001116548024391405,1.0
-0.0028640643596969904,0.03904187142711314,-0.005307404016919572,0.0037762819685717417,0.005544324410331904,0.03590940216564873,-4.784199291974546e-05,0.013722121641339458,0.009238784557786504,0.033952216121201126,0.00011894197135022405,0.008359718908842727,0.0019351209031527386,0.03792279439576425,-0.00917505483901392,0.0036565269404798518,1.0
-0.0031833132886829145,0.04198216774513248,-0.011345074996450695,-0.002686658841442988,-0.0028640643596969904,0.03904187142711314,-0.005307404016919572,0.0037762819685717417,0.005544324410331904,0.03590940216564873,-4.784199291974546e-05,0.013722121641339458,0.009238784557786504,0.033952216121201126,0.00011894197135022405,0.008359718908842727,1.0
-0.00786488276931922,0.042163995561061915,-0.013086069391219639,-0.004006632428884325,-0.0031833132886829145,0.04198216774513248,-0.011345074996450695,-0.002686658841442988,-0.0028640643596969904,0.03904187142711314,-0.005307404016919572,0.0037762819685717417,0.005544324410331904,0.03590940216564873,-4.784199291974546e-05,0.013722121641339458,1.0
-0.009316210106330585,0.044301536832745896,-0.014712906745242995,-0.007069158289479295,-0.00786488276931922,0.042163995561061915,-0.013086069391219639,-0.004006632428884325,-0.0031833132886829145,0.04198216774513248,-0.011345074996450695,-0.002686658841442988,-0.0028640643596969904,0.03904187142711314,-0.005307404016919572,0.0037762819685717417,1.0
0.005323929419723934,0.04310909639181922,-0.004135123269233656,0.014901541469979778,-0.009316210106330585,0.044301536832745896,-0.014712906745242995,-0.007069158289479295,-0.00786488276931922,0.042163995561061915,-0.013086069391219639,-0.004006632428884325,-0.0031833132886829145,0.04198216774513248,-0.011345074996450695,-0.002686658841442988,1.0
0.007821221922724449,0.04119531267898524,0.007478038265747412,0.02521024947922841,0.005323929419723934,0.04310909639181922,-0.004135123269233656,0.014901541469979778,-0.009316210106330585,0.044301536832745896,-0.014712906745242995,-0.007069158289479295,-0.00786488276931922,0.042163995561061915,-0.013086069391219639,-0.004006632428884325,1.0
0.01502906049267265,0.03733823675189587,0.011103013148940574,0.0362798674390959,0.007821221922724449,0.04119531267898524,0.007478038265747412,0.02521024947922841,0.005323929419723934,0.04310909639181922,-0.004135123269233656,0.014901541469979778,-0.009316210106330585,0.044301536832745896,-0.014712906745242995,-0.007069158289479295,1.0
0.026240089414459933,0.031530321402359084,0.017597588143974514,0.040070514080053535,0.01502906049267265,0.03733823675189587,0.011103013148940574,0.0362798674390959,0.007821221922724449,0.04119531267898524,0.007478038265747412,0.02521024947922841,0.005323929419723934,0.04310909639181922,-0.004135123269233656,0.014901541469979778,1.0
0.009935251119038334,0.010854365611835634,0.005233192792033149,0.010215168212746891,0.026240089414459933,0.031530321402359084,0.017597588143974514,0.040070514080053535,0.01502906049267265,0.03733823675189587,0.011103013148940574,0.0362798674390959,0.007821221922724449,0.04119531267898524,0.007478038265747412,0.02521024947922841,1.0
0.0065533406318878835,0.0014063616799409077,-0.005753387214762634,-0.014926900612774508,0.009935251119038334,0.010854365611835634,0.005233192792033149,0.010215168212746891,0.026240089414459933,0.031530321402359084,0.017597588143974514,0.040070514080053535,0.01502906049267265,0.03733823675189587,0.011103013148940574,0.0362798674390959,1.0
-0.0036141277744602164,-0.0022214322457483598,-0.015601379706378371,-0.017412696187269153,0.0065533406318878835,0.0014063616799409077,-0.005753387214762634,-0.014926900612774508,0.009935251119038334,0.010854365611835634,0.005233192792033149,0.010215168212746891,0.026240089414459933,0.031530321402359084,0.017597588143974514,0.040070514080053535,1.0
-0.0050752722872815965,-0.004158172790312788,-0.018474042038218168,-0.015031813544648236,-0.0036141277744602164,-0.0022214322457483598,-0.015601379706378371,-0.017412696187269153,0.0065533406318878835,0.0014063616799409077,-0.005753387214762634,-0.014926900612774508,0.009935251119038334,0.010854365611835634,0.005233192792033149,0.010215168212746891,1.0
-0.0015229260476413466,-0.0028535654502072493,-0.008962896198752866,-0.011401152040574685,-0.0050752722872815965,-0.004158172790312788,-0.018474042038218168,-0.015031813544648236,-0.0036141277744602164,-0.0022214322457483598,-0.015601379706378371,-0.017412696187269153,0.0065533406318878835,0.0014063616799409077,-0.005753387214762634,-0.014926900612774508,1.0
2.8299365046044467e-05,-0.0032942974882763636,-1.4121344096341212e-05,-0.015201461881124884,-0.0015229260476413466,-0.0028535654502072493,-0.008962896198752866,-0.011401152040574685,-0.0050752722872815965,-0.004158172790312788,-0.018474042038218168,-0.015031813544648236,-0.0036141277744602164,-0.0022214322457483598,-0.015601379706378371,-0.017412696187269153,1.0
-0.0031100156087840863,-0.0012037614214418272,0.0018328074833830201,-0.016910810228616676,2.8299365046044467e-05,-0.0032942974882763636,-1.4121344096341212e-05,-0.015201461881124884,-0.0015229260476413466,-0.0028535654502072493,-0.008962896198752866,-0.011401152040574685,-0.0050752722872815965,-0.004158172790312788,-0.018474042038218168,-0.015031813544648236,1.0
-0.004474112575250662,-0.00044151117511299,0.001234188213249057,-0.01612469433284507,-0.0031100156087840863,-0.0012037614214418272,0.0018328074833830201,-0.016910810228616676,2.8299365046044467e-05,-0.0032942974882763636,-1.4121344096341212e-05,-0.015201461881124884,-0.0015229260476413466,-0.0028535654502072493,-0.008962896198752866,-0.011401152040574685,1.0
0.02184510107727467,0.00016899720856726545,0.001826662019121991,-0.010979805072908131,-0.004474112575250662,-0.00044151117511299,0.001234188213249057,-0.01612469433284507,-0.0031100156087840863,-0.0012037614214418272,0.0018328074833830201,-0.016910810228616676,2.8299365046044467e-05,-0.0032942974882763636,-1.4121344096341212e-05,-0.015201461881124884,1.0
0.02693065981286963,-0.00655415629651201,0.007601079414358867,-0.0013988230855706085,0.02184510107727467,0.00016899720856726545,0.001826662019121991,-0.010979805072908131,-0.004474112575250662,-0.00044151117511299,0.001234188213249057,-0.01612469433284507,-0.0031100156087840863,-0.0012037614214418272,0.0018328074833830201,-0.016910810228616676,1.0
0.03571282318886694,-0.004837898279107976,0.011350426225223944,0.005350062744371932,0.02693065981286963,-0.00655415629651201,0.007601079414358867,-0.0013988230855706085,0.02184510107727467,0.00016899720856726545,0.001826662019121991,-0.010979805072908131,-0.004474112575250662,-0.00044151117511299,0.001234188213249057,-0.01612469433284507,1.0
0.029515559316008196,-0.0038057784028305217,0.011049406891260948,0.0023619447331423874,0.03571282318886694,-0.004837898279107976,0.011350426225223944,0.005350062744371932,0.02693065981286963,-0.00655415629651201,0.007601079414358867,-0.0013988230855706085,0.02184510107727467,0.00016899720856726545,0.001826662019121991,-0.010979805072908131,1.0
0.002753582148907533,-0.0015512948580453224,0.007707062173017263,0.0007619738825420013,0.029515559316008196,-0.0038057784028305217,0.011049406891260948,0.0023619447331423874,0.03571282318886694,-0.004837898279107976,0.011350426225223944,0.005350062744371932,0.02693065981286963,-0.00655415629651201,0.007601079414358867,-0.0013988230855706085,1.0
0.0006630345370624777,2.7576791333021624e-05,-0.0038592496299696406,-0.0007302819801364472,0.002753582148907533,-0.0015512948580453224,0.007707062173017263,0.0007619738825420013,0.029515559316008196,-0.0038057784028305217,0.011049406891260948,0.0023619447331423874,0.03571282318886694,-0.004837898279107976,0.011350426225223944,0.005350062744371932,1.0
-0.004865065675213684,-0.001429977776493926,-0.007643997766478385,-0.0020814423227369563,0.0006630345370624777,2.7576791333021624e-05,-0.0038592496299696406,-0.0007302819801364472,0.002753582148907533,-0.0015512948580453224,0.007707062173017263,0.0007619738825420013,0.029515559316008196,-0.0038057784028305217,0.011049406891260948,0.0023619447331423874,1.0
-0.005956368774047669,-0.002777871643277766,-0.0016467527409660793,-0.002606237204772179,-0.004865065675213684,-0.001429977776493926,-0.007643997766478385,-0.0020814423227369563,0.0006630345370624777,2.7576791333021624e-05,-0.0038592496299696406,-0.0007302819801364472,0.002753582148907533,-0.0015512948580453224,0.007707062173017263,0.0007619738825420013,1.0
-0.0035327361084141005,-0.006648015692488607,0.0006774032143869523,-0.005787825042013328,-0.005956368774047669,-0.002777871643277766,-0.0016467527409660793,-0.002606237204772179,-0.004865065675213684,-0.001429977776493926,-0.007643997766478385,-0.0020814423227369563,0.0006630345370624777,2.7576791333021624e-05,-0.0038592496299696406,-0.0007302819801364472,1.0
-0.0037719390891373696,-0.007261020111783618,0.0034934797190909585,-0.0076445367324112215,-0.0035327361084141005,-0.006648015692488607,0.0006774032143869523,-0.005787825042013328,-0.005956368774047669,-0.002777871643277766,-0.0016467527409660793,-0.002606237204772179,-0.004865065675213684,-0.001429977776493926,-0.007643997766478385,-0.0020814423227369563,1.0
-0.004845898963362782,-0.009229866431006652,0.002696781738781364,-0.01015382506351588,-0.0037719390891373696,-0.007261020111783618,0.0034934797190909585,-0.0076445367324112215,-0.0035327361084141005,-0.006648015692488607,0.0006774032143869523,-0.005787825042013328,-0.005956368774047669,-0.002777871643277766,-0.0016467527409660793,-0.002606237204772179,1.0
0.0026349650239941014,-0.008023493887638433,0.002024349968533193,-0.00603241984930889,-0.004845898963362782,-0.009229866431006652,0.002696781738781364,-0.01015382506351588,-0.0037719390891373696,-0.007261020111783618,0.0034934797190909585,-0.0076445367324112215,-0.0035327361084141005,-0.006648015692488607,0.0006774032143869523,-0.005787825042013328,1.0
0.005890082645078214,-0.006972013197818355,0.0066926438262229476,-0.0005268045085048421,0.0026349650239941014,-0.008023493887638433,0.002024349968533193,-0.00603241984930889,-0.004845898963362782,-0.009229866431006652,0.002696781738781364,-0.01015382506351588,-0.0037719390891373696,-0.007261020111783618,0.0034934797190909585,-0.0076445367324112215,1.0
0.005633295700667821,-0.009017545576664909,0.009351636885300652,0.0075563767753593055,0.005890082645078214,-0.006972013197818355,0.0066926438262229476,-0.0005268045085048421,0.0026349650239941014,-0.008023493887638433,0.002024349968533193,-0.00603241984930889,-0.004845898963362782,-0.009229866431006652,0.002696781738781364,-0.01015382506351588,1.0
0.007120567200353443,-0.007812738048286976,0.012071397989324991,0.006672053546786135,0.005633295700667821,-0.009017545576664909,0.009351636885300652,0.0075563767753593055,0.005890082645078214,-0.006972013197818355,0.0066926438262229476,-0.0005268045085048421,0.0026349650239941014,-0.008023493887638433,0.002024349968533193,-0.00603241984930889,1.0
0.0017352868594536323,-0.007213774287613162,0.006835387487863474,0.0066752686560797815,0.007120567200353443,-0.007812738048286976,0.012071397989324991,0.006672053546786135,0.005633295700667821,-0.009017545576664909,0.009351636885300652,0.0075563767753593055,0.005890082645078214,-0.006972013197818355,0.0066926438262229476,-0.0005268045085048421,1.0
-0.00013828117354671918,-0.009320974596786463,0.0024157027463942347,0.005825733754780359,0.0017352868594536323,-0.007213774287613162,0.006835387487863474,0.0066752686560797815,0.007120567200353443,-0.007812738048286976,0.012071397989324991,0.006672053546786135,0.005633295700667821,-0.009017545576664909,0.009351636885300652,0.0075563767753593055,1.0
-0.004538724481778883,-0.008172453191610808,-0.00088203064852213,0.005086941836569892,-0.00013828117354671918,-0.009320974596786463,0.0024157027463942347,0.005825733754780359,0.0017352868594536323,-0.007213774287613162,0.006835387487863474,0.0066752686560797815,0.007120567200353443,-0.007812738048286976,0.012071397989324991,0.006672053546786135,1.0
-0.0022147932707525493,-0.011256209559219988,0.0013154136705029048,0.006021980320660943,-0.004538724481778883,-0.008172453191610808,-0.00088203064852213,0.005086941836569892,-0.00013828117354671918,-0.009320974596786463,0.0024157027463942347,0.005825733754780359,0.0017352868594536323,-0.007213774287613162,0.006835387487863474,0.0066752686560797815,1.0
-0.0015728907218129978,-0.010022417292747684,0.002416099046419746,0.004934002380557901,-0.0022147932707525493,-0.011256209559219988,0.0013154136705029048,0.006021980320660943,-0.004538724481778883,-0.008172453191610808,-0.00088203064852213,0.005086941836569892,-0.00013828117354671918,-0.009320974596786463,0.0024157027463942347,0.005825733754780359,1.0
-0.00425416202800892,-0.011793463726441746,0.005196574784779843,0.0030734230589933866,-0.0015728907218129978,-0.010022417292747684,0.002416099046419746,0.004934002380557901,-0.0022147932707525493,-0.011256209559219988,0.0013154136705029048,0.006021980320660943,-0.004538724481778883,-0.008172453191610808,-0.00088203064852213,0.005086941836569892,1.0
-0.00025397152414865804,-0.011383736283577346,0.0031339768507748986,-0.0019143364581521239,-0.00425416202800892,-0.011793463726441746,0.005196574784779843,0.0030734230589933866,-0.0015728907218129978,-0.010022417292747684,0.002416099046419746,0.004934002380557901,-0.0022147932707525493,-0.011256209559219988,0.0013154136705029048,0.006021980320660943,1.0
0.00037965876741799173,-0.012626482730625945,0.0016974114885212918,0.001247015400529432,-0.00025397152414865804,-0.011383736283577346,0.0031339768507748986,-0.0019143364581521239,-0.00425416202800892,-0.011793463726441746,0.005196574784779843,0.0030734230589933866,-0.0015728907218129978,-0.010022417292747684,0.002416099046419746,0.004934002380557901,1.0
0.0010128374673988366,-0.015274296300489402,0.004583753818637232,0.001244112933030106,0.00037965876741799173,-0.012626482730625945,0.0016974114885212918,0.001247015400529432,-0.00025397152414865804,-0.011383736283577346,0.0031339768507748986,-0.0019143364581521239,-0.00425416202800892,-0.011793463726441746,0.005196574784779843,0.0030734230589933866,1.0
0.010861519039072867,-0.013632600080415955,0.008126784303876654,0.000881705987344909,0.0010128374673988366,-0.015274296300489402,0.004583753818637232,0.001244112933030106,0.00037965876741799173,-0.012626482730625945,0.0016974114885212918,0.001247015400529432,-0.00025397152414865804,-0.011383736283577346,0.0031339768507748986,-0.0019143364581521239,1.0
0.01981769085689477,-0.015370885092411798,0.015832164032567944,0.001960122291038311,0.010861519039072867,-0.013632600080415955,0.008126784303876654,0.000881705987344909,0.0010128374673988366,-0.015274296300489402,0.004583753818637232,0.001244112933030106,0.00037965876741799173,-0.012626482730625945,0.0016974114885212918,0.001247015400529432,1.0
0.01621945367373648,-0.0154205602143781,0.01434719573975137,3.0537871774573594e-05,0.01981769085689477,-0.015370885092411798,0.015832164032567944,0.001960122291038311,0.010861519039072867,-0.013632600080415955,0.008126784303876654,0.000881705987344909,0.0010128374673988366,-0.015274296300489402,0.004583753818637232,0.001244112933030106,1.0
0.0184559168288885,-0.013271202918219772,0.014780906516622396,0.002086785008364786,0.01621945367373648,-0.0154205602143781,0.01434719573975137,3.0537871774573594e-05,0.01981769085689477,-0.015370885092411798,0.015832164032567944,0.001960122291038311,0.010861519039072867,-0.013632600080415955,0.008126784303876654,0.000881705987344909,1.0
0.016012768321520102,-0.014203178751760939,0.01579212124367661,0.005623880344073574,0.0184559168288885,-0.013271202918219772,0.014780906516622396,0.002086785008364786,0.01621945367373648,-0.0154205602143781,0.01434719573975137,3.0537871774573594e-05,0.01981769085689477,-0.015370885092411798,0.015832164032567944,0.001960122291038311,1.0
0.011703423661742386,-0.012825802406678759,0.01639946466628571,0.013368042058778036,0.016012768321520102,-0.014203178751760939,0.01579212124367661,0.005623880344073574,0.0184559168288885,-0.013271202918219772,0.014780906516622396,0.002086785008364786,0.01621945367373648,-0.0154205602143781,0.01434719573975137,3.0537871774573594e-05,1.0
0.016335695430365497,-0.011083281869069771,0.0196460071494534,0.014072073624594433,0.011703423661742386,-0.012825802406678759,0.01639946466628571,0.013368042058778036,0.016012768321520102,-0.014203178751760939,0.01579212124367661,0.005623880344073574,0.0184559168288885,-0.013271202918219772,0.014780906516622396,0.002086785008364786,1.0
0.02097904519849844,-0.012367360182900796,0.01958942155262471,0.014881655455577679,0.016335695430365497,-0.011083281869069771,0.0196460071494534,0.014072073624594433,0.011703423661742386,-0.012825802406678759,0.01639946466628571,0.013368042058778036,0.016012768321520102,-0.014203178751760939,0.01579212124367661,0.005623880344073574,1.0
